ID,Ramp,StartValue,EndValue,FadeInTime,FadeOutTime,Duration,AttachID,ProjectionType,TextureBlendSetID,Scale,Flags,CurveID,Priority,FresnelIntensity,Field_9_1_5_40496_014,Field_9_1_5_40496_015,Field_9_1_5_40496_016,Field_9_1_5_40496_017,Field_9_1_5_40496_018
1,4,0,1,1,1,0,-1,0,221,1,0,0,0,0,1,1,1,1,1
2,4,1,0,1,1,0,19,0,222,1,0,0,0,0,1,1,1,1,1
5,10,1,0,0.6,0,0.6,-1,0,224,1,23,0,0,0,1,1,1,1,1
6,5,0,1,0.65,0.6,0,-1,0,225,1,23,0,0,0,1,1,1,1,1
7,3,1,0,0.65,0.6,0,19,1,226,0,23,0,0,0,1,1,1,1,1
11,5,0,1,0.2,1,0.2,-1,0,228,1,23,0,0,0,1,1,1,1,1
12,6,1,0,0.2,1,0.2,19,1,229,1,23,0,0,0,1,1,1,1,1
36,20,0,5,2,2,0,-1,0,230,1,9,0,0,0,1,1,1,1,1
39,10,1,0,0,3,2,-1,0,462,1,23,0,0,0,1,1,1,1,1
42,1,0,1,2,2,0,-1,0,233,1,10,0,0,0,1,1,1,1,1
46,2,0,1,0.1,1,0,-1,2,234,1,12,0,6,0,1,1,1,1,1
47,0,0,1,0.1,0.1,0,0,1,235,1,10,0,0,0,1,1,1,1,1
48,0,1,0,1,1,0,1,1,236,1,2,0,0,0,1,1,1,1,1
49,3,0,1,0.2,0.2,0,-1,1,238,1,535,0,2,0,1,1,1,1,1
53,9,0,1,0.5,0.95,0.55,-1,0,239,1,7,0,3,0,1,1,1,1,1
55,5,0,1,0.2,1,0.2,-1,0,241,1,23,0,0,0,1,1,1,1,1
56,6,1,0,0.2,1,0.2,19,1,242,1,23,0,0,0,1,1,1,1,1
57,1,0,1,3.5,0,7,-1,0,243,1,23,0,0,0,1,1,1,1,1
60,50,0,1,2,0,4,-1,3,244,1,23,0,0,0,1,1,1,1,1
61,50,1,0,1,2.5,5,-1,3,245,1,23,0,0,0,1,1,1,1,1
62,20,0,1,3,0,6,-1,0,246,0.4,23,0,0,0,1,1,1,1,1
63,2,0,1,3,3,7,2,0,247,1,2,0,0,0,1,1,1,1,1
64,10,0,1,2,2,0,-1,0,248,1,41,0,0,0,1,1,1,1,1
65,2,0,1,3,3,7,6,0,249,1,2,0,0,0,1,1,1,1,1
66,10,0,1,2,2,4,18,0,250,1,23,0,0,0,1,1,1,1,1
67,10,0,1,0.01,0.75,0,-1,7,275,1,23,0,0,0,1,1,1,1,1
69,1,1,0,0.3,0.25,0,1,7,267,2,23,0,0,0,1,1,1,1,1
74,1,0,1,3.5,0,7,-1,0,254,1,23,0,0,0,1,1,1,1,1
75,4,0,1,0.9,0,0.9,-1,0,239,1,23,0,0,0,1,1,1,1,1
76,4,1,0,0.9,0,0.9,19,0,240,1,7,0,0,0,1,1,1,1,1
77,5,0,1,0.2,1,0.2,-1,0,257,1,23,0,0,0,1,1,1,1,1
78,6,1,0,0.2,1,0.2,19,1,258,1,23,0,0,0,1,1,1,1,1
79,2,0,1,3,3,7,2,0,259,1,2,0,0,0,1,1,1,1,1
80,2,0,1,3,3,7,2,0,260,1,2,0,0,0,1,1,1,1,1
81,10,0,1,1,0,4,-1,1,441,1,23,3452,0,0,1,1,1,1,1
83,4,0,1,0.6,0,0.6,-1,0,262,1,23,0,0,0,1,1,1,1,1
89,3,0,1,0.4,0.6,3,-1,0,265,1,23,0,0,0,1,1,1,1,1
94,1,0,1,1,0,3,-1,0,266,1,23,0,0,0,1,1,1,1,1
97,10,1,0,1,0,1,-1,0,267,1,23,0,0,0,1,1,1,1,1
101,3,0,1,1,1,5,-1,0,268,1,23,0,0,0,1,1,1,1,1
102,6,0,1,1,0,4,-1,0,267,3,23,0,0,0,1,1,1,1,1
104,1,1,0,1.5,0,5,-1,2,270,1,23,0,0,0,1,1,1,1,1
105,1,1,0,0.75,0,2,-1,0,271,1,23,0,0,0,1,1,1,1,1
107,1,0,1,0.5,0.5,2,-1,0,273,1,7,0,0,0,1,1,1,1,1
108,1,0,1,2,0,5,-1,2,274,1,23,0,0,0,1,1,1,1,1
112,10,0,1,1.75,0,7.5,-1,7,275,3,23,0,0,0,1,1,1,1,1
116,20,0,5,2,2,0,-1,1,277,1,9,0,0,0,1,1,1,1,1
117,10,0,1,1,0,10,-1,3,278,1,23,0,0,0,1,1,1,1,1
121,9,0,1,0.4,1,0.7,-1,0,279,1,7,0,0,0,1,1,1,1,1
122,9,1,0.01,0.5,0.95,0.55,19,1,280,1,23,0,0,0,1,1,1,1,1
124,10,1,0,0.5,0,2,19,0,282,1,23,0,0,0,1,1,1,1,1
125,3,0,1,6,4.5,0,-1,0,283,1,8,0,0,0,1,1,1,1,1
126,1,0,1,3,0,0,-1,0,284,1,8,0,0,0,1,1,1,1,1
127,20,1,0,1.5,1.5,7,19,0,301,1,23,0,0,0,1,1,1,1,1
128,3,0,0.3,1,1,1.1,-1,0,286,1,7,0,0,0,1,1,1,1,1
129,9,1,0,0,1.5,0.01,20,0,287,1,6,0,0,0,1,1,1,1,1
130,75,0,1,1.5,1,1.5,-1,0,288,1,23,0,0,0,1,1,1,1,1
131,75,0,1,1.5,1,1.5,-1,0,289,1,23,0,0,0,1,1,1,1,1
132,75,0,1,1.5,1,1.5,-1,0,290,1,23,0,0,0,1,1,1,1,1
133,20,0,5,2,2,0,-1,0,291,1,9,0,0,0,1,1,1,1,1
134,20,0,5,2,2,0,-1,0,292,1,9,0,0,0,1,1,1,1,1
135,2,1,0,0,1.5,5,-1,2,293,1,23,0,0,0,1,1,1,1,1
136,10,0,1,4,0,7,-1,0,294,1,23,0,0,0,1,1,1,1,1
137,10,0,1,1.25,0,2,-1,0,267,1,23,0,0,0,1,1,1,1,1
138,4,1,0,6,0,9,-1,0,296,1,23,0,0,0,1,1,1,1,1
140,0.5,0,1,1,1,0,-1,0,297,1,14,0,0,0,1,1,1,1,1
141,10,0,1,1.75,0,0,-1,0,298,1,23,0,0,0,1,1,1,1,1
142,9,0,1,0.5,0.5,2,-1,0,299,1,7,0,0,0,1,1,1,1,1
143,9,0,1,0.4,0.4,1,-1,0,300,1,7,0,0,0,1,1,1,1,1
146,20,0,5,2,2,0,-1,0,301,1,9,0,0,0,1,1,1,1,1
147,10,1,0,1,0,1,-1,0,302,1,7,0,0,0,1,1,1,1,1
149,3,0,1,2,1,2.1,-1,0,303,1,23,0,0,0,1,1,1,1,1
152,5,0,1,0.65,1,0,-1,0,304,1,7,0,0,0,1,1,1,1,1
155,3,0,1,2,0,0,-1,0,305,1,22,0,0,0,1,1,1,1,1
157,10,1,0,1,0,1.9,-1,7,275,3,23,0,0,0,1,1,1,1,1
161,20,0,0,2,2,6,19,0,309,1,19,0,0,0,1,1,1,1,1
162,20,0,0,2,2,6,19,2,310,1,23,0,0,0,1,1,1,1,1
164,10,1,0,1,0,1,-1,0,311,1,23,0,0,0,1,1,1,1,1
165,10,1,0,1,0,1,-1,0,312,1,23,0,0,0,1,1,1,1,1
166,10,0,1,1,0,1,-1,0,313,1,23,0,0,0,1,1,1,1,1
167,10,0,1,1,0,0,-1,0,314,1,23,0,0,0,1,1,1,1,1
168,20,0,5,2,2,0,-1,1,315,1,11,0,0,0,1,1,1,1,1
169,20,0,5,2,2,0,-1,2,316,1,9,0,0,0,1,1,1,1,1
170,20,0,5,2,2,0,-1,1,317,1,11,0,0,0,1,1,1,1,1
171,10,0,1,1,0,5,-1,0,318,1,23,0,0,0,1,1,1,1,1
172,10,0,1,1,0,8,-1,0,319,1,23,0,0,0,1,1,1,1,1
181,3,0,1,0.75,0,2,19,0,321,1,23,0,0,0,1,1,1,1,1
182,5,0,1,0.2,1,0.2,-1,0,322,1,23,0,0,0,1,1,1,1,1
183,6,1,0,0.2,1,0.2,19,1,323,1,23,0,0,0,1,1,1,1,1
186,10,1,0,1,0,1,-1,0,324,1,7,0,0,0,1,1,1,1,1
187,0,0,0,0,0,0,-1,0,325,1,0,0,0,0,1,1,1,1,1
188,20,0,1,0,0,10,-1,0,326,1,0,0,0,0,1,1,1,1,1
189,4,0,1,0.5,0.3,0,1,1,327,1,15,0,0,0,1,1,1,1,1
195,20,0,5,2,2,0,-1,0,328,1,9,0,0,0,1,1,1,1,1
196,10,1,0,0.5,0,2,19,0,329,1,23,0,0,0,1,1,1,1,1
197,10,1,0,0.5,0,2,19,0,330,1,23,0,0,0,1,1,1,1,1
198,20,0,1,1,0,1,-1,7,331,4,23,0,0,0,1,1,1,1,1
199,15,1,0,1,0,1,19,7,332,4,7,0,0,0,1,1,1,1,1
201,15,1,0,1.5,0,1.5,-1,7,333,4,23,0,0,0,1,1,1,1,1
202,15,1,0,1.5,0,1.5,-1,7,334,4,23,0,0,0,1,1,1,1,1
203,15,1,0,1.5,0,1.5,-1,7,335,4,23,0,0,0,1,1,1,1,1
204,20,0,1,1,0,1,-1,7,336,4,23,0,0,0,1,1,1,1,1
205,15,1,0,1,0,1,19,7,337,4,7,0,0,0,1,1,1,1,1
206,20,0,1,1,0,1,-1,7,338,4,23,0,0,0,1,1,1,1,1
207,15,1,0,1,0,1,19,7,339,4,7,0,0,0,1,1,1,1,1
214,10,0,1,0.5,0.5,0,-1,0,342,1,14,0,0,0,1,1,1,1,1
216,2,1,0,0,1,0.15,19,0,344,1,22,0,0,0,1,1,1,1,1
218,10,1,0,0.75,0,0.75,-1,0,345,1,23,0,0,0,1,1,1,1,1
219,5,0,1,0.2,1,0.2,-1,0,346,1,23,0,0,0,1,1,1,1,1
221,10,1,0,1,0,1,-1,0,348,1,7,0,0,0,1,1,1,1,1
222,10,1,0,1,0,1,-1,0,349,1,7,0,0,0,1,1,1,1,1
224,8,1,0,2,0,2,-1,0,351,1,23,0,0,0,1,1,1,1,1
225,3,0,1,2,1,3,-1,0,352,1,23,0,0,0,1,1,1,1,1
226,8,1,0,1,0,1,-1,0,353,1,21,0,0,0,1,1,1,1,1
227,10,1,0,1,0,1,-1,0,354,1,7,0,0,0,1,1,1,1,1
228,10,1,0,1,0,1,-1,7,355,2,7,0,0,0,1,1,1,1,1
229,10,1,0,1,0,1,-1,0,356,1,7,0,0,0,1,1,1,1,1
235,10,1,0,2,0,2,-1,1,357,1,23,0,0,0,1,1,1,1,1
237,20,0,5,2,2,0,-1,1,358,1,10,0,0,0,1,1,1,1,1
238,1,1,0,1,0,1,19,2,359,1,14,0,0,0,1,1,1,1,1
239,10,0,1,2,0,2,-1,1,360,1,23,0,0,0,1,1,1,1,1
240,10,0,1,3,0.3,3,-1,0,361,1,8,0,0,0,1,1,1,1,1
241,2,0,1,3,0.3,5,-1,0,362,1,8,0,0,0,1,1,1,1,1
242,10,0,1,1,2,0,-1,2,363,1,8,0,0,0,1,1,1,1,1
243,5,1,0,1.5,0,1.5,-1,0,364,1,19,0,0,0,1,1,1,1,1
244,20,0.5,0.5,0.25,0.25,20,-1,0,365,1,15,0,0,0,1,1,1,1,1
245,20,0,1,0.5,0.5,6,-1,2,366,1,23,0,0,0,1,1,1,1,1
246,20,0.5,0.5,0.25,0.25,20,-1,0,367,1,15,0,0,0,1,1,1,1,1
247,20,1,1,0.25,0.25,20,-1,0,368,1,15,0,0,0,1,1,1,1,1
248,20,0,1,0.6,0,6,-1,2,369,1,23,0,0,0,1,1,1,1,1
249,75,0,1,1.75,0,4,-1,0,370,1,23,0,0,0,1,1,1,1,1
259,12,1,0,2.5,0,2.5,-1,1,371,1,87,0,0,0,1,1,1,1,1
261,8,0,1,3.5,2.5,9,1,1,414,1,23,0,0,0,1,1,1,1,1
262,10,0,1,0.5,0,2,-1,0,373,1,7,0,0,0,1,1,1,1,1
265,8,0,1,4.5,0,4.5,1,1,375,1,23,0,0,0,1,1,1,1,1
266,8,1,0,2.5,0,2.5,-1,1,376,1,23,0,0,0,1,1,1,1,1
267,8,0,1,4.5,0,4.5,1,1,377,1,23,0,0,0,1,1,1,1,1
268,8,1,0,2.5,0,2.5,-1,1,378,1,23,0,0,0,1,1,1,1,1
271,8,0,1,4.5,0,4.5,2,1,379,1,23,0,0,0,1,1,1,1,1
272,8,0,1,4.5,0,4.5,1,1,380,1,23,0,0,0,1,1,1,1,1
273,8,1,0,2.5,0,2.5,1,1,381,1,23,0,0,0,1,1,1,1,1
274,8,1,0,2.5,0,2.5,2,1,382,1,23,0,0,0,1,1,1,1,1
275,10,1,0.15,1,0,0,-1,0,383,1,7,0,0,0,1,1,1,1,1
276,3,0,1,2,0,0,-1,0,384,1,22,0,0,0,1,1,1,1,1
278,9,1,0,0.75,0,0.75,-1,0,385,1,7,0,0,0,1,1,1,1,1
279,10,1,0,1,0,1,-1,0,386,1,7,0,0,0,1,1,1,1,1
280,20,0.5,0.5,0.25,0.25,0,-1,0,387,1,8,0,0,0,1,1,1,1,1
281,20,1,1,0.25,0.25,12,-1,0,0,1,15,0,0,0,1,1,1,1,1
285,10,0,1,1.25,2,0,-1,0,408,1,23,0,0,0,1,1,1,1,1
287,3,1,0,0.5,0,10,-1,0,243,1,23,0,0,0,1,1,1,1,1
290,5,1,0,1.5,0,1.5,-1,0,364,1,19,0,0,0,1,1,1,1,1
298,10,0,1,1,0,3,-1,0,356,1,23,0,0,0,1,1,1,1,1
299,10,0,1,6,0,8,-1,0,319,1,23,0,0,0,1,1,1,1,1
301,9,1,0,0,1.5,0.01,20,0,287,1,6,0,0,0,1,1,1,1,1
302,10,1,0,0.72,0.45,0,19,1,226,2,23,0,0,0,1,1,1,1,1
306,10,0,1,1,0,2,-1,0,386,1,0,0,0,0,1,1,1,1,1
307,3,1,0,1,1,0,-1,1,226,1,23,0,0,0,1,1,1,1,1
309,2,1,0,0,0.2,0,-1,0,344,1,23,0,0,0,1,1,1,1,1
310,3,1,0,1,1,0,-1,1,226,1,23,0,0,0,1,1,1,1,1
311,0,0,1,4,4,0,-1,1,392,1,10,0,0,0,1,1,1,1,1
312,15,1,0,1,0,5,-1,0,356,0.33,119,0,0,0,1,1,1,1,1
313,5,0.75,0,0.2,0,2,-1,0,354,1,23,0,0,0,1,1,1,1,1
314,10,0.1,1,4,0.2,0,-1,0,396,1,7,0,0,0,1,1,1,1,1
315,10,0,1,1.75,0,5,-1,0,275,1,23,0,0,0,1,1,1,1,1
318,20,0,1,2,0,6,-1,0,301,1,23,0,0,0,1,1,1,1,1
319,4,1,0,0.6,0,0.6,19,1,263,1,7,0,0,0,1,1,1,1,1
320,10,0,1,1,1,2,-1,0,408,1,23,0,0,0,1,1,1,1,1
321,5,0,1,0.2,1,10,-1,0,346,1,23,0,0,0,1,1,1,1,1
322,6,1,0,0.2,1,10,19,1,229,1,23,0,0,0,1,1,1,1,1
323,6,1,0,0.2,1,10,19,1,229,1,23,0,0,0,1,1,1,1,1
324,3,0,1,2,0,0,-1,0,354,1,23,0,0,0,1,1,1,1,1
326,10,0,1,3,3,0,19,0,389,2,7,0,0,0,1,1,1,1,1
327,12,1,0,2.5,0,2.5,-1,1,371,1,23,0,0,0,1,1,1,1,1
328,8,0,1,3.5,2.5,9,-1,1,414,1,23,0,0,0,1,1,1,1,1
330,1,0,1,3.5,0,7,-1,0,243,1,23,0,0,0,1,1,1,1,1
331,8,0,1,3.5,2.5,9,2,1,414,1,23,0,0,0,1,1,1,1,1
333,5,0,1,0.2,1,0.2,-1,0,346,1,23,0,0,0,1,1,1,1,1
339,10,0.4,0.25,0,2,0,-1,0,418,1,23,0,0,0,1,1,1,1,1
340,10,1,0.15,1,0,0,-1,0,418,1,23,0,0,0,1,1,1,1,1
341,8,0,1,3.5,2.5,3,1,1,418,1,23,0,0,0,1,1,1,1,1
342,8,0,1,3.5,2.5,3,2,1,418,1,23,0,0,0,1,1,1,1,1
343,8,1,0,2.5,0,9,-1,1,419,1,23,0,0,0,1,1,1,1,1
345,8,0,1,3.5,2.5,9,1,1,418,1,23,0,0,0,1,1,1,1,1
346,8,0,1,3.5,2.5,9,2,1,418,1,23,0,0,0,1,1,1,1,1
347,8,0,1,3.5,2.5,9,0,1,418,1,23,0,0,0,1,1,1,1,1
348,8,1,0,2.5,0,9,-1,1,419,1,23,0,0,0,1,1,1,1,1
349,8,0,1,3.5,2.5,9,1,1,416,1,23,0,0,0,1,1,1,1,1
350,8,0,1,3.5,2.5,9,2,1,416,1,23,0,0,0,1,1,1,1,1
351,8,0,1,3.5,2.5,9,0,1,416,1,23,0,0,0,1,1,1,1,1
352,8,1,0,2.5,0,9,-1,1,417,1,23,0,0,0,1,1,1,1,1
353,8,0,1,3.5,2.5,9,1,1,450,1,23,0,0,0,1,1,1,1,1
354,8,0,1,3.5,2.5,9,2,1,450,1,23,0,0,0,1,1,1,1,1
355,8,0,1,3.5,2.5,9,0,1,450,1,23,0,0,0,1,1,1,1,1
356,8,1,0,2.5,0,9,-1,1,449,1,23,0,0,0,1,1,1,1,1
357,8,0,1,3.5,2.5,9,1,1,421,1,23,0,0,0,1,1,1,1,1
358,8,0,1,3.5,2.5,9,2,1,421,1,23,0,0,0,1,1,1,1,1
359,8,0,1,3.5,2.5,9,0,1,421,1,23,0,0,0,1,1,1,1,1
360,8,1,0,2.5,0,9,-1,1,420,1,23,0,0,0,1,1,1,1,1
361,8,0,1,3.5,2.5,9,1,1,414,1,23,0,0,0,1,1,1,1,1
362,8,0,1,3.5,2.5,9,2,1,414,1,23,0,0,0,1,1,1,1,1
363,8,0,1,3.5,2.5,9,0,1,414,1,23,0,0,0,1,1,1,1,1
364,8,1,0,2.5,0,9,-1,1,413,1,23,0,0,0,1,1,1,1,1
365,8,0,1,3.5,2.5,9,1,1,423,1,23,0,0,0,1,1,1,1,1
366,8,0,1,3.5,2.5,9,2,1,423,1,23,0,0,0,1,1,1,1,1
367,8,0,1,3.5,2.5,9,0,1,423,1,23,0,0,0,1,1,1,1,1
368,8,1,0,2.5,0,9,-1,1,422,1,23,0,0,0,1,1,1,1,1
369,8,0,1,3.5,2.5,9,1,1,425,1,23,0,0,0,1,1,1,1,1
370,8,0,1,3.5,2.5,9,2,1,425,1,23,0,0,0,1,1,1,1,1
371,8,0,1,3.5,2.5,9,0,1,425,1,23,0,0,0,1,1,1,1,1
372,8,1,0,2.5,0,9,-1,1,424,1,23,0,0,0,1,1,1,1,1
373,8,0,1,3.5,2.5,9,1,1,427,1,23,0,0,0,1,1,1,1,1
374,8,0,1,3.5,2.5,9,2,1,427,1,23,0,0,0,1,1,1,1,1
375,8,0,1,3.5,2.5,9,0,1,427,1,23,0,0,0,1,1,1,1,1
376,8,1,0,2.5,0,9,-1,1,426,1,23,0,0,0,1,1,1,1,1
377,8,0,1,3.5,2.5,9,1,1,429,1,23,0,0,0,1,1,1,1,1
378,8,0,1,3.5,2.5,9,2,1,429,1,23,0,0,0,1,1,1,1,1
379,8,0,1,3.5,2.5,9,0,1,429,1,23,0,0,0,1,1,1,1,1
380,8,1,0,2.5,0,9,-1,1,428,1,23,0,0,0,1,1,1,1,1
381,8,0,1,3.5,2.5,9,1,1,431,1,23,0,0,0,1,1,1,1,1
382,8,0,1,3.5,2.5,9,2,1,431,1,23,0,0,0,1,1,1,1,1
383,8,0,1,3.5,2.5,9,0,1,431,1,23,0,0,0,1,1,1,1,1
384,8,1,0,2.5,0,9,-1,1,430,1,23,0,0,0,1,1,1,1,1
385,8,0,1,3.5,2.5,9,1,1,447,1,23,0,0,0,1,1,1,1,1
386,8,0,1,3.5,2.5,9,2,1,447,1,23,0,0,0,1,1,1,1,1
387,8,0,1,3.5,2.5,9,0,1,447,1,23,0,0,0,1,1,1,1,1
388,8,1,0,2.5,0,9,-1,1,446,1,23,0,0,0,1,1,1,1,1
389,8,0,1,3.5,2.5,9,1,1,445,1,23,0,0,0,1,1,1,1,1
390,8,0,1,3.5,2.5,9,2,1,445,1,23,0,0,0,1,1,1,1,1
391,8,0,1,3.5,2.5,9,0,1,445,1,23,0,0,0,1,1,1,1,1
392,8,1,0,2.5,0,9,-1,1,444,1,23,0,0,0,1,1,1,1,1
393,8,0,1,3.5,2.5,9,1,1,443,1,23,0,0,0,1,1,1,1,1
394,8,0,1,3.5,2.5,9,2,1,443,1,23,0,0,0,1,1,1,1,1
395,8,0,1,3.5,2.5,9,0,1,443,1,23,0,0,0,1,1,1,1,1
396,8,1,0,2.5,0,9,-1,1,442,1,23,0,0,0,1,1,1,1,1
397,8,0,1,3.5,2.5,9,1,1,441,1,23,0,0,0,1,1,1,1,1
398,8,0,1,3.5,2.5,9,2,1,441,1,23,0,0,0,1,1,1,1,1
399,8,0,1,3.5,2.5,9,0,1,441,1,23,0,0,0,1,1,1,1,1
400,8,1,0,2.5,0,9,-1,1,440,1,23,0,0,0,1,1,1,1,1
401,8,0,1,3.5,2.5,9,1,1,439,1,23,0,0,0,1,1,1,1,1
402,8,0,1,3.5,2.5,9,2,1,439,1,23,0,0,0,1,1,1,1,1
403,8,0,1,3.5,2.5,9,0,1,439,1,23,0,0,0,1,1,1,1,1
404,8,1,0,2.5,0,9,-1,1,438,1,23,0,0,0,1,1,1,1,1
405,8,0,1,3.5,2.5,9,1,1,437,1,23,0,0,0,1,1,1,1,1
406,8,0,1,3.5,2.5,9,2,1,437,1,23,0,0,0,1,1,1,1,1
407,8,0,1,3.5,2.5,9,0,1,437,1,23,0,0,0,1,1,1,1,1
408,8,1,0,2.5,0,9,-1,1,436,1,23,0,0,0,1,1,1,1,1
409,8,0,1,3.5,2.5,9,1,1,435,1,23,0,0,0,1,1,1,1,1
410,8,0,1,3.5,2.5,9,2,1,435,1,23,0,0,0,1,1,1,1,1
411,8,0,1,3.5,2.5,9,0,1,435,1,23,0,0,0,1,1,1,1,1
412,8,1,0,2.5,0,9,-1,1,434,1,23,0,0,0,1,1,1,1,1
413,8,1,0,3,0,5,2,1,417,1,23,0,0,0,1,1,1,1,1
414,8,0,1,1,1,0,33,1,416,1,23,0,0,0,1,1,1,1,1
417,20,1,0,5,0,5,-1,0,272,1,23,0,0,0,1,1,1,1,1
418,20,0,1,5,2,0,-1,6,272,1,23,0,0,0,1,1,1,1,1
419,40,0,1,2.5,0.5,0,-1,0,272,0,23,0,0,0,1,1,1,1,1
420,5,0,1,0.2,1,0.2,-1,0,257,1,23,0,0,0,1,1,1,1,1
421,6,1,0,0.2,1,0.2,19,1,258,1,23,0,0,0,1,1,1,1,1
423,6,0,1,0.2,1,0.2,-1,0,452,1,23,0,0,0,1,1,1,1,1
424,10,1,0,1,0,1,-1,0,452,1,23,0,0,0,1,1,1,1,1
425,10,0,1,1,1,1,-1,0,452,1,23,0,0,0,1,1,1,1,1
426,20,0.5,0.5,0.25,0.25,0,-1,0,453,1,8,0,0,0,1,1,1,1,1
428,10,1,0,1,0,1,-1,0,419,1,7,0,0,0,1,1,1,1,1
430,10,0,1,1.25,2,0,-1,0,418,1,23,0,0,0,1,1,1,1,1
432,50,0,1,3,0,3,-1,2,289,3,23,0,0,0,1,1,1,1,1
433,20,1,0,3,0,3,-1,2,289,0,55,0,0,0,1,1,1,1,1
436,20,1,0,0.5,1,1.5,-1,0,288,0,55,0,0,0,1,1,1,1,1
437,20,0,1,3,0,3,-1,2,289,0,55,0,0,0,1,1,1,1,1
438,50,1,0,3,0,3,-1,2,289,3,23,0,0,0,1,1,1,1,1
440,10,0,1,1,1,1,-1,0,452,1,23,0,0,0,1,1,1,1,1
441,10,1,0,1,0,1,-1,0,452,1,23,0,0,0,1,1,1,1,1
442,9,1,0.01,0.5,0.95,0.55,19,1,240,1,23,0,0,0,1,1,1,1,1
443,10,0,1,1,1,1,-1,0,452,1,23,0,0,0,1,1,1,1,1
444,10,1,0,1,0,1,-1,0,452,1,23,0,0,0,1,1,1,1,1
445,0,0,1,0,0,0,-1,0,292,1,10,0,0,0,1,1,1,1,1
447,10,0,1,1,1,1,-1,0,452,1,23,0,0,0,1,1,1,1,1
448,10,1,0,1,0,1,-1,0,452,1,23,0,0,0,1,1,1,1,1
449,8,0,1,3.5,2.5,9,19,1,418,1,23,0,0,0,1,1,1,1,1
450,8,0,1,3.5,2.5,9,19,1,416,1,23,0,0,0,1,1,1,1,1
451,8,0,1,3.5,2.5,9,19,1,450,1,23,0,0,0,1,1,1,1,1
452,8,0,1,3.5,2.5,9,19,1,421,1,23,0,0,0,1,1,1,1,1
453,8,0,1,3.5,2.5,9,19,1,414,1,23,0,0,0,1,1,1,1,1
454,8,0,1,3.5,2.5,9,19,1,423,1,23,0,0,0,1,1,1,1,1
455,8,0,1,3.5,2.5,9,19,1,425,1,23,0,0,0,1,1,1,1,1
456,8,0,1,3.5,2.5,9,19,1,427,1,23,0,0,0,1,1,1,1,1
457,8,0,1,3.5,2.5,9,19,1,429,1,23,0,0,0,1,1,1,1,1
458,8,0,1,3.5,2.5,9,19,1,431,1,23,0,0,0,1,1,1,1,1
459,8,0,1,3.5,2.5,9,19,1,447,1,23,0,0,0,1,1,1,1,1
460,8,0,1,3.5,2.5,9,19,1,445,1,23,0,0,0,1,1,1,1,1
461,8,0,1,3.5,2.5,9,19,1,443,1,23,0,0,0,1,1,1,1,1
462,8,0,1,3.5,2.5,9,19,1,441,1,23,0,0,0,1,1,1,1,1
463,8,0,1,3.5,2.5,9,19,1,439,1,23,0,0,0,1,1,1,1,1
464,8,0,1,3.5,2.5,9,19,1,437,1,23,0,0,0,1,1,1,1,1
465,8,0,1,3.5,2.5,9,19,1,435,1,23,0,0,0,1,1,1,1,1
466,0,1,1,1,0,1,-1,0,422,1,7,0,0,0,1,1,1,1,1
474,8,0,1,3.5,2.5,9,-1,1,425,1,23,0,0,0,1,1,1,1,1
475,10,1,0,0.75,0,1,-1,1,324,0.5,55,0,0,0,1,1,1,1,1
477,3,0,1,2,0,0,-1,0,384,1,22,0,0,0,1,1,1,1,1
478,3,0,1,2,0,0,-1,0,384,1,22,0,0,0,1,1,1,1,1
481,3,1,0,0.65,0.6,0,19,1,320,1,7,0,0,0,1,1,1,1,1
482,10,0,1,0.35,1,0,-1,1,464,0.5,23,0,0,0,1,1,1,1,1
483,10,0,1,0.35,0.5,0,-1,1,464,0.5,23,0,0,0,1,1,1,1,1
484,10,0,1,1.25,2,0,-1,0,418,1,23,0,0,0,1,1,1,1,1
486,9,1,0,0.6,0.75,0,-1,0,239,3,23,0,0,0,1,1,1,1,1
487,10,0,1,0.3,0.2,0,-1,1,464,1,23,0,0,0,1,1,1,1,1
488,10,0,1,0.01,0.75,0,-1,1,464,0.5,23,0,0,0,1,1,1,1,1
490,10,0,1,1.5,0,6,19,1,464,0.5,23,0,0,0,1,1,1,1,1
492,10,1,0,1,0,1,-1,0,452,1,23,0,0,0,1,1,1,1,1
493,10,0,1,1,1,1,-1,0,452,1,23,0,0,0,1,1,1,1,1
494,10,0,1,1.25,2,0,-1,0,418,1,23,0,0,0,1,1,1,1,1
495,6,1,0,1.5,0,1.5,-1,1,464,1,55,0,0,0,1,1,1,1,1
496,5,1,0,0.7,0.5,0,-1,1,367,1,23,0,0,0,1,1,1,1,1
497,5,0,1,4,5,100,-1,0,228,1,23,0,0,0,1,1,1,1,1
498,5,1,0,4,100,7,19,1,228,1,23,0,0,0,1,1,1,1,1
499,8,0,1,3,0,0,-1,0,465,2,23,0,0,0,1,1,1,1,1
500,8,0,1,3,0,0,19,0,465,2,23,0,0,0,1,1,1,1,1
501,10,1,0,1,0,1,-1,0,295,1,23,0,0,0,1,1,1,1,1
502,10,0,1,1.5,0,2,-1,0,295,1,23,0,0,0,1,1,1,1,1
503,2,1,0.3,0.5,0.5,0,-1,0,243,1,23,0,0,1,1,0,0,1,1
504,10,0,1,1.25,0,2,-1,0,267,1,23,0,0,0,1,1,1,1,1
505,10,0,1,0.01,0.64,0,-1,0,267,1,23,0,0,0,1,1,1,1,1
506,8,0,1,2.5,0,9,-1,1,449,1,23,0,0,0,1,1,1,1,1
507,1,0,0.3,0.5,0.5,0.5,-1,1,449,1,23,0,0,0,1,1,1,1,1
508,2,0,0.8,2,0.4,0.5,1,5,472,1,23,0,0,0,1,1,1,1,1
509,3,0,0.8,3,0.4,2,1,5,417,1,23,0,0,0,1,1,1,1,1
510,20,0.5,0.5,0.25,0.25,0,-1,0,277,1,8,0,0,0,1,1,1,1,1
511,1,0,1,0,0,0,1,0,267,1,23,0,0,0,1,1,1,1,1
512,1,0,0.5,1.8,0.5,2,-1,1,416,1,23,0,0,0,1,1,1,1,1
513,1,0,0.5,2,2,0,-1,0,464,1,23,0,0,0,1,1,1,1,1
514,1,1,0,0.3,0.25,0,22,1,295,2,23,0,0,0,1,1,1,1,1
515,10,0,1,0.01,0.75,0,-1,0,295,1,23,0,0,0,1,1,1,1,1
516,10,0,1,1.25,0,2,-1,0,295,1,23,0,0,0,1,1,1,1,1
517,10,0,1,1.25,0,2,-1,0,295,0,23,0,0,0,1,1,1,1,1
518,1,0,0.4,0,1,0,19,5,294,1,23,0,0,0,1,1,1,1,1
519,6,0,0.5,1,1,0,-1,0,466,1,31,0,0,0,1,1,1,1,1
520,10,0,1,1,0,10,39,7,467,3,23,0,0,0,1,1,1,1,1
521,5,1,0,0,1,0,19,2,439,1,23,0,0,0,1,1,1,1,1
524,0,0,1,0.5,2,2,-1,0,470,2,15,0,0,0,1,1,1,1,1
525,10,1,0,1.5,0,1.5,19,0,267,1,23,0,0,0,1,1,1,1,1
526,6,0,1,1,1,0,19,2,267,1,31,0,0,0,1,1,1,1,1
527,20,0,1,3,1,5,-1,5,272,0.25,23,0,0,0,1,1,1,1,1
528,10,0,1,1,0,10,19,1,467,0.25,55,0,0,0,1,1,1,1,1
529,6,1,0,1,0,1,-1,1,267,0,23,0,0,0,1,1,1,1,1
530,10,1,0,1.75,1,0,-1,0,307,1,23,0,0,0,1,1,1,1,1
531,10,1,0,1,0,1,-1,0,472,1,7,0,0,0,1,1,1,1,1
532,5,0,1,0.2,1,0.2,-1,0,239,1,23,0,0,0,1,1,1,1,1
533,6,1,0,0.2,1,0.2,-1,0,240,1,23,0,0,0,1,1,1,1,1
534,8,0,1,1,1,0,33,1,433,1,23,0,0,0,1,1,1,1,1
535,8,0,1,1,1,0,33,1,427,1,23,0,0,0,1,1,1,1,1
536,8,0,1,1,1,0,33,1,416,1,23,0,0,0,1,1,1,1,1
537,8,0,1,1,1,0,33,1,425,1,23,0,0,0,1,1,1,1,1
538,8,0,1,1,1,0,33,1,450,1,23,0,0,0,1,1,1,1,1
539,10,1,0,1,0,1,-1,0,289,0,55,0,0,0,1,1,1,1,1
540,20,0,1,1.5,0,1.5,-1,2,289,0,55,0,0,0,1,1,1,1,1
541,50,0,1,1.5,0,1.5,-1,2,289,3,23,0,0,0,1,1,1,1,1
542,10,0,1,1.5,0,1.5,-1,0,289,0,55,0,0,0,1,1,1,1,1
543,50,1,0,1.5,0,1.5,-1,2,289,3,23,0,0,0,1,1,1,1,1
544,25,0,1,3.5,1.5,0,-1,0,418,2.5,23,0,0,0,1,1,1,1,1
545,1,0,0.65,3.2,0.5,3.5,-1,1,425,1,23,0,0,0,1,1,1,1,1
546,8,0,1,3.5,2.5,9,-1,1,416,1,23,0,0,0,1,1,1,1,1
547,8,0,1,3.5,2.5,9,-1,1,423,1,23,0,0,0,1,1,1,1,1
548,8,0,1,3.5,2.5,9,-1,1,427,1,23,0,0,0,1,1,1,1,1
549,8,0,1,3.5,2.5,0,2,1,450,1,23,0,0,0,1,1,1,1,1
550,8,0,1,3.5,2.5,0,1,1,450,1,23,0,0,0,1,1,1,1,1
551,8,1,0,2.5,0.01,0,-1,1,449,1,23,0,0,0,1,1,1,1,1
552,8,1,0,0.75,0,2,22,1,422,1.25,22,0,0,0,1,1,1,1,1
553,8,0,1,0.75,0,2,22,1,422,1.25,22,0,0,0,1,1,1,1,1
554,8,1,0,0.75,0,2,22,1,426,1.25,22,0,0,0,1,1,1,1,1
555,8,0,1,1.25,0,2,22,1,426,1.25,22,0,0,0,1,1,1,1,1
556,10,0,1,1.25,0,1.25,-1,0,473,3,23,0,0,0,1,1,1,1,1
557,10,1,0,1,0,1.25,-1,0,473,3,23,0,0,0,1,1,1,1,1
558,10,1,0,4,0,4,-1,0,408,1,23,0,0,0,1,1,1,1,1
559,20,0,1,1,1,1,-1,0,272,1,23,0,0,0,1,1,1,1,1
560,5,1,0,0,1,0,19,2,425,1,23,0,0,0,1,1,1,1,1
561,3,0,1,6.5,10,10,-1,2,243,3,22,0,0,0,1,1,1,1,1
562,8,0,0,2.5,0,9,-1,0,417,1,23,0,0,0,1,1,1,1,1
563,20,0,1,0.5,0.25,0.5,-1,0,272,1,23,0,0,0,1,1,1,1,1
565,5,0,0.7,15,0.2,3.8,1,5,349,1,55,0,0,0,1,1,1,1,1
566,2,0,1,10,0.2,1.5,1,5,479,3,55,0,0,0,1,1,1,1,1
567,1,1,0.1,0.5,0.1,0,1,1,472,2,23,0,0,0,1,1,1,1,1
568,1,1,0.3,0.36,0.2,0,1,1,472,2,87,0,0,0,1,1,1,1,1
569,1,0,1,1,1,0,-1,0,472,1,15,0,0,0,1,1,1,1,1
570,1,1,0.3,0.36,0.2,0,1,1,472,2,87,0,0,0,1,1,1,1,1
571,1,1,0.1,0.8,0.3,0,1,7,472,1,7,0,0,0,1,1,1,1,1
572,10,1,0,0,0,1,-1,0,324,1,7,0,0,0,1,1,1,1,1
573,20,1,0,2,0,2,19,1,467,0.25,55,0,0,0,1,1,1,1,1
574,20,1,0,2,0,2,39,7,467,3,23,0,0,0,1,1,1,1,1
575,4,0,1,1.5,0,3,19,7,467,2,55,0,0,0,1,1,1,1,1
576,4,1,0,0.1,0.25,0,-1,7,663,1,71,0,0,0,1,1,1,1,1
577,10,0.5,0,0.5,0,0.5,-1,0,268,1,7,0,0,0,1,1,1,1,1
579,10,1,0,0.3,0.3,0,19,0,307,1,23,0,0,0,1,1,1,1,1
580,8,1,0,2,0,3,-1,1,413,1,23,0,0,0,1,1,1,1,1
581,8,0,1,0,1.85,0.1,-1,0,422,0.85,22,0,0,0,1,1,1,1,1
582,10,1,0,2,0,2,-1,7,467,2,55,0,0,0,1,1,1,1,1
583,3,0,0.25,0,0,0,19,7,483,0.7,39,0,0,0,1,1,1,1,1
584,10,0,1,0.75,0.5,0.75,22,7,467,4,55,0,0,0,1,1,1,1,1
585,10,1,0,1,1,0,-1,0,472,1,7,0,0,0,1,1,1,1,1
586,9,1,0,2,0,0,-1,0,417,0.5,7,0,0,0,1,1,1,1,1
587,10,1,0,1,1,0,-1,0,426,1,7,0,0,0,1,1,1,1,1
588,3,0,0.25,0.5,0.5,10,19,7,473,6,47,0,0,0,1,1,1,1,1
589,10,0,1,1,1,2,-1,0,472,1,23,0,0,0,1,1,1,1,1
590,10,1,0,3,0,2,-1,0,302,1,7,0,0,0,1,1,1,1,1
591,20,0,5,2,2,0,-1,0,383,1,9,0,0,0,1,1,1,1,1
592,10,0,1,3.5,2.5,6,34,0,414,1,0,0,0,0,1,1,1,1,1
593,12,1,0,5,0,5,-1,0,417,1,23,0,0,0,1,1,1,1,1
594,10,0,1,1,2,0,-1,2,490,2,8,0,0,0,1,1,1,1,1
595,3,0,1,2,2,5,-1,0,450,2,21,0,0,0,1,1,1,1,1
596,3,1,0,1,0,2,-1,0,450,2,21,0,0,0,1,1,1,1,1
597,0.5,0,1,1,1,0,-1,0,499,1,14,0,0,0,1,1,1,1,1
598,10,0,1,0.2,0.2,0.8,-1,0,500,0.085,47,0,0,0,1,1,1,1,1
599,20,3,20,2,2,0,-1,0,502,1,9,0,0,0,1,1,1,1,1
600,0,0,0.35,4,4,0,-1,1,392,1,10,0,0,0,1,1,1,1,1
601,5,0,0.5,0,0.2,1.4,2,5,349,0.5,63,0,0,0,1,1,1,1,1
602,20,0,1,0.1,0.8,2,2,2,500,0.25,47,0,0,0,1,1,1,1,1
603,5,5,0,5,0,8,1,1,503,2,23,0,0,0,1,1,1,1,1
604,15,1,0,0.75,0,2,22,1,354,1.25,22,0,0,0,1,1,1,1,1
605,8,0,1,0.6,0,2,1,1,354,1.25,22,0,0,0,1,1,1,1,1
606,1,1,0,3,1,0,-1,1,424,1,23,0,0,0,1,1,1,1,1
607,10,1,0,2,0,2,-1,0,302,1,7,0,0,0,1,1,1,1,1
608,1,0,5,1,1,0,-1,2,508,5,11,0,0,0,1,1,1,1,1
609,8,0,1,5,1,6,-1,1,441,1,23,0,0,0,1,1,1,1,1
610,8,1,0,1,0,1,-1,1,440,1,23,0,0,0,1,1,1,1,1
611,8,1,0,1,0,1,-1,1,426,1,22,0,0,0,1,1,1,1,1
612,10,0,0,0,1,1,-1,0,402,1,7,0,0,0,1,1,1,1,1
613,20,0,1,1,1,8,-1,3,512,1,15,0,0,0,1,1,1,1,1
614,20,0.5,0.5,0.25,0.25,10,-1,0,365,1,15,0,0,0,1,1,1,1,1
615,1,0,1,0.5,0.2,0,-1,8,307,0.85,47,0,0,0,1,1,1,1,1
616,10,1,0.15,0.1,0,0,-1,0,383,1,7,0,0,0,1,1,1,1,1
617,8,0,1,0.75,0.75,3.5,1,1,422,1.25,22,0,0,0,1,1,1,1,1
618,8,0,1,0.75,0,2,19,1,354,1.25,22,0,0,0,1,1,1,1,1
619,15,1,0,0.75,0,2,19,1,354,1.25,22,0,0,0,1,1,1,1,1
620,20,0,1,5,2,0,-1,6,272,1,23,0,0,0,1,1,1,1,1
621,10,0,1,1.25,0,2,-1,7,275,1,23,0,0,0,1,1,1,1,1
622,10,0,1,1,1,0,1,7,517,0.5,15,0,0,0,1,1,1,1,1
623,10,0,1,1,1,0,0,8,517,0.5,15,0,0,0,1,1,1,1,1
624,10,0,1,4,100,100,-1,0,408,1,23,0,0,0,1,1,1,1,1
625,10,1,0,3,100,3,-1,0,408,1,23,0,0,0,1,1,1,1,1
626,10,0,1,1,1,10,-1,0,408,1,23,0,0,0,1,1,1,1,1
627,10,1,0,3,0,3,19,0,302,1,7,0,0,0,1,1,1,1,1
628,5,1,0,1,0,1,-1,7,520,0.5,86,0,0,0,1,1,1,1,1
629,5,0,1,1,0,1,-1,7,520,0.5,86,0,0,0,1,1,1,1,1
630,10,0,1,1,0,1,-1,0,408,1,23,0,0,0,1,1,1,1,1
631,10,0,1,2,0,3,-1,0,408,1,23,0,0,0,1,1,1,1,1
632,10,0,1,1,0,10,-1,0,408,1,23,0,0,0,1,1,1,1,1
633,15,0,1,0.75,0.75,4,1,1,354,1.25,22,0,0,0,1,1,1,1,1
634,8,1,0,0.75,0,2,19,7,422,3,22,0,0,0,1,1,1,1,1
635,8,0,1,0.75,0,2,19,7,422,3,22,0,0,0,1,1,1,1,1
636,8,1,0,0.15,0.25,0.4,-1,7,252,8,23,3259,0,0,1,1,1,1,1
637,5,0,0.5,1,3,1,-1,7,520,0.5,86,0,0,0,1,1,1,1,1
638,5,1,0,1,1,3,-1,7,520,0.5,86,0,0,0,1,1,1,1,1
639,10,0,1,1,0,4,-1,0,386,1,23,0,0,0,1,1,1,1,1
640,10,0,1,2,0,3,-1,0,425,1,23,0,0,0,1,1,1,1,1
641,2,0,1,3,4,100,-1,1,228,3,23,0,0,0,1,1,1,1,1
642,3,0,1,7,100,10,-1,0,312,2,23,0,0,0,1,1,1,1,1
643,8,1,0,2.5,7.5,1,-1,1,449,1,23,0,0,0,1,1,1,1,1
645,8,1,0,2,0,2,-1,0,351,1,23,0,0,0,1,1,1,1,1
646,1,1,0.1,0.5,0.1,0,1,1,386,2,23,0,0,0,1,1,1,1,1
647,10,0,0.75,2,3,10,-1,0,452,1,23,0,0,0,1,1,1,1,1
650,10,1,0,3,0,3,-1,0,408,1,23,0,0,0,1,1,1,1,1
651,10,1,0,1,1,0,-1,7,408,15,7,0,0,0,1,1,1,1,1
652,5,0,5,0.5,0.5,0,-1,0,383,3,11,0,0,0,1,1,1,1,1
653,10,0,1,0.2,0.2,0.8,-1,0,307,0.33,47,0,0,0,1,1,1,1,1
654,25,0,1,6,0,6,-1,0,355,2,23,0,0,0,1,1,1,1,1
655,10,0,1,1,1,2,19,0,472,1,23,0,0,0,1,1,1,1,1
656,10,0,1,2,2,4,-1,1,360,1,23,0,0,0,1,1,1,1,1
657,10,1,0,3,0,2,19,0,302,1,7,0,0,0,1,1,1,1,1
658,10,0,1,1,10,10,-1,0,472,1,23,0,0,0,1,1,1,1,1
659,4,1,0,1.5,0,3,22,1,422,1,22,0,0,0,1,1,1,1,1
660,10,0,1,1,1,2,-1,0,243,1,23,0,0,0,1,1,1,1,1
661,10,0,1,0.5,0,2,-1,0,414,1,23,0,0,0,1,1,1,1,1
662,10,1,0,0.5,0,1,-1,0,295,1,23,0,0,0,1,1,1,1,1
663,10,1,0,1,0,1,-1,0,408,1,23,0,0,0,1,1,1,1,1
664,10,0,1,1.5,1,10,-1,0,408,1,23,0,0,0,1,1,1,1,1
665,20,0,5,2,2,0,-1,0,292,1,9,3483,0,1,1,1,1,1,1
666,1,0,1,0.5,0.2,0,-1,8,307,0.45,47,0,0,0,1,1,1,1,1
667,10,0,1,0.7,0.7,2,-1,0,530,1,23,0,0,0,1,1,1,1,1
668,20,0,5,2,2,0,-1,1,292,1,9,0,0,0,1,1,1,1,1
669,10,1,0,1.25,0,5,-1,0,356,0.2,55,0,0,0,1,1,1,1,1
670,1,0,1,2,0,2,-1,0,243,1,23,0,0,0,1,1,1,1,1
671,10,0,1,0,0,2,-1,0,530,1,23,0,0,0,1,1,1,1,1
672,9,0,1,1.5,0.75,1.5,-1,0,239,1,7,0,0,0,1,1,1,1,1
673,10,0,1,1,0,4,-1,0,472,1,23,0,0,0,1,1,1,1,1
674,1,0,1,1,0,1,-1,0,243,1,23,0,0,0,1,1,1,1,1
675,10,1,0,0.5,1.25,0,-1,7,275,2,23,0,0,0,1,1,1,1,1
676,2,0,1,0.5,0.5,0,-1,7,542,3,15,0,0,0,1,1,1,1,1
677,2,0,1,1,1,0,-1,0,548,2,23,0,0,0,1,1,1,1,1
678,2,0,1,0.5,0.5,0,-1,7,549,5,15,0,0,0,1,1,1,1,1
679,1.5,1,0,1,0.75,0,-1,0,551,1,7,0,0,0,1,1,1,1,1
680,2,0,1,2,0.5,0,-1,7,551,3,23,0,0,0,1,1,1,1,1
681,10,1,0,1,0,1,-1,1,360,1,23,0,0,0,1,1,1,1,1
682,6,1,0,0.25,0.5,0.5,-1,7,552,8,23,0,0,0,1,1,1,1,1
683,4,0,0.75,0.25,0.5,0,-1,7,552,8,23,0,0,0,1,1,1,1,1
684,1,0,1,2,0,5,-1,0,243,1,23,0,0,0,1,1,1,1,1
685,1,0,1,2,1,8,-1,0,243,1,23,0,0,0,1,1,1,1,1
686,20,0,5,2,0,2,-1,1,292,1,9,0,0,0,1,1,1,1,1
687,20,0,5,0,1,1,-1,1,292,1,9,0,0,0,1,1,1,1,1
688,10,0,1,1.25,2,0,-1,0,386,1,23,0,0,0,1,1,1,1,1
689,10,0,1,1,2,1,-1,0,447,1,23,0,0,0,1,1,1,1,1
690,10,1,0,1,0,1,-1,0,446,1,7,0,0,0,1,1,1,1,1
691,10,0,1,2,0,2,-1,1,360,1,23,0,0,0,1,1,1,1,1
692,10,1,0,1,0,1,-1,1,360,1,23,0,0,0,1,1,1,1,1
693,10,1,0,0.5,0,0.5,-1,1,360,1,23,0,0,0,1,1,1,1,1
694,10,0,1,3,3,3.5,-1,3,360,1,23,0,0,0,1,1,1,1,1
695,4,0,1,1,1,0,-1,0,425,1,23,0,0,0,1,1,1,1,1
696,10,1,0,1,0,1,-1,1,360,1,23,0,0,0,1,1,1,1,1
697,10,1,0,4,0,4,-1,0,348,1,7,0,0,0,1,1,1,1,1
698,10,0,1,1,1,2,19,6,408,1,23,0,0,0,1,1,1,1,1
699,10,0,1,1,2,1,-1,0,423,1,23,0,0,0,1,1,1,1,1
700,2,0,1,1,1,2,-1,0,360,1,23,0,0,0,1,1,1,1,1
701,10,0,1,3,0,3,-1,0,408,1,23,0,0,0,1,1,1,1,1
702,0.5,0,1,1.7,0.3,2,-1,5,553,1,14,0,0,0,1,1,1,1,1
704,10,1,0,1,0,1,-1,1,324,10,7,0,0,0,1,1,1,1,1
705,5,1,0,1,1,58,19,0,425,2,23,0,0,0,1,1,1,1,1
706,4,1,0,0.4,0,0.4,-1,1,348,5,7,0,0,0,1,1,1,1,1
707,4,1,0,1,0.5,8,-1,2,472,3,7,0,0,0,1,1,1,1,1
710,10,0,1,0.75,0,7.5,-1,7,447,3,23,0,0,0,1,1,1,1,1
711,5,0,1,4,5,100,-1,0,288,1,23,3237,0,0,1,1,1,1,1
712,5,1,0,4,100,7,19,1,288,1,23,3238,0,0,1,1,1,1,1
713,1,1,0.3,0.5,1,2,19,6,581,1,5,0,0,0,1,1,1,1,1
714,2,1,0.7,0.3,0.1,0.5,19,7,561,1,23,3245,0,0,1,1,1,1,1
715,2,1,0.7,0.1,0.1,0.5,19,7,561,1,23,3246,0,0,1,1,1,1,1
716,10,1,0,6,0,6,-1,0,408,1,23,3251,0,0,1,1,1,1,1
717,10,0,1,0.4,0,0,-1,7,360,4,55,0,0,0,1,1,1,1,1
718,10,1,0,0.75,0,0,-1,7,360,6,55,0,0,0,1,1,1,1,1
719,25,0,1,1.5,0,6,-1,0,355,2,23,0,0,0,1,1,1,1,1
720,1,0,0.5,2,1.5,0,-1,8,562,2,23,0,0,0,1,1,1,1,1
722,10,0.5,0.5,0.25,0.25,0,-1,0,387,1,8,3450,0,0,1,1,1,1,1
724,0.5,0,1,1,1,0,-1,0,563,1,6,3457,0,0,1,1,1,1,1
725,1,0,1,1,0.2,2,-1,0,564,1,31,3458,0,0,1,1,1,1,1
726,9,0,1,5,10,5,-1,0,239,5,7,0,0,0,1,1,1,1,1
728,20,0,5,2,2,0,-1,0,292,1,9,3482,0,0,1,1,1,1,1
734,10,1,0,1,0,1,-1,0,419,1,7,0,0,0,1,1,1,1,1
735,4,0,1,1,1,0,-1,0,0,1,23,3507,0,0,1,1,1,1,1
737,10,0,1,1,1,5,-1,0,472,1,23,0,0,0,1,1,1,1,1
743,8,0,1,6,0,0,-1,0,417,1,23,0,0,0,1,1,1,1,1
744,10,0,1,1.25,2,0,-1,0,425,1,23,0,0,0,1,1,1,1,1
747,10,0,1,1,1,4,-1,0,472,1,23,0,0,0,1,1,1,1,1
748,2,1,0,1,0,1,-1,0,446,1,7,0,0,0,1,1,1,1,1
749,10,0,1,1,1,1,-1,0,408,1,23,0,0,0,1,1,1,1,1
750,8,1,0,5,0,5,-1,1,417,1,23,0,0,0,1,1,1,1,1
751,10,0,1,2,0,2,-1,0,408,1,23,0,0,0,1,1,1,1,1
752,4,1,0,1,1,2,-1,0,0,1,23,0,0,0,1,1,1,1,1
754,10,0,1,3,0,0,-1,0,408,1,23,0,0,0,1,1,1,1,1
755,5,0,0.65,0.1,1,2.5,-1,0,517,0.2,31,0,0,0,1,1,1,1,1
756,5,1,0,0,1,0,19,2,425,1,23,0,0,0,1,1,1,1,1
757,8,0,1,1,1,1,-1,1,441,1,23,0,0,0,1,1,1,1,1
773,2,0,1,1,0.75,1,-1,7,447,2,23,0,0,0,1,1,1,1,1
774,10,0,1,0.5,0,1,-1,0,386,1,0,0,0,0,1,1,1,1,1
775,10,0,1,0.1,0.1,0,-1,0,561,1,15,0,0,0,1,1,1,1,1
776,5,1,0,2,0,0,-1,7,45,1.5,21,0,0,2,1,1,1,1,1
777,10,0,1,1.5,1,10,-1,0,578,1,23,0,0,0,1,1,1,1,1
778,4,0,1,0.15,0.3,0,6,0,579,1,31,0,0,0,1,1,1,1,1
780,4,0,1,0.15,0.3,0,-1,0,579,1,15,0,0,0,1,1,1,1,1
781,4,0,1,0.15,0.3,0,-1,0,580,1,31,0,0,0,1,1,1,1,1
782,10,0,1,1,0,4,-1,0,386,1,23,0,0,0,1,1,1,1,1
783,8,0,1,1,0,9,-1,1,442,1,23,0,0,0,1,1,1,1,1
785,4,1,0,8,0,8,-1,5,292,1,23,0,0,0.1,1,1,1,1,1
786,10,0,1,1,1,0,-1,0,472,1,23,0,0,0,1,1,1,1,1
788,10,0,1,1,1,0,-1,0,243,1,23,0,0,0,1,1,1,1,1
789,8,1,0,1.5,0,1.5,-1,7,420,1.5,55,0,0,0,1,1,1,1,1
790,8,1,0,0,1.5,0.01,-1,7,420,1.5,55,0,0,0,1,1,1,1,1
791,4,0,1,0,1,0.3,-1,0,587,1,171,0,1,0,1,1,1,1,1
792,0,0,1,0.5,2,2,-1,7,588,4,15,0,0,0,1,1,1,1,1
793,5,0.75,0,1,0.5,20,-1,0,354,1,23,0,0,0,1,1,1,1,1
795,10,0,1,2,1,0,-1,0,416,1,23,0,0,0,1,1,1,1,1
796,10,1,0,1,0,0,-1,7,589,3,23,0,0,0,1,1,1,1,1
797,4,0,1,0.15,0.3,0,-1,0,590,1,31,0,0,0,1,1,1,1,1
798,10,0,0.1,1,1,0,-1,8,593,1,31,0,0,0,1,1,1,1,1
799,9,0,1,0.5,0.95,0.55,-1,0,594,1,7,0,0,0,1,1,1,1,1
800,10,0,1,1,1,1.5,-1,0,472,1,23,0,0,0,1,1,1,1,1
801,10,0,1,0.5,0.1,0,-1,0,578,1,23,0,0,0,1,1,1,1,1
802,10,1,0,0.3,0.1,0,-1,0,578,1,23,0,0,0,1,1,1,1,1
803,10,1,0,1,0,1,-1,0,302,4,7,0,0,0,1,1,1,1,1
805,10,0,1,1,0,1,-1,7,589,3,23,0,0,0,1,1,1,1,1
806,10,1,0,8,0,8,-1,0,348,1,7,0,0,0,1,1,1,1,1
807,8,1,0,2.5,0,9,-1,1,426,1,278,0,0,0,1,1,1,1,1
808,10,1,0,1,0,1,-1,0,354,1,7,0,0,0,1,1,1,1,1
809,10,0,1,1,0,1,-1,0,302,4,7,0,0,0,1,1,1,1,1
810,10,0,1,0.1,1,0.1,-1,5,578,1,23,0,0,0,1,1,1,1,1
811,4,0,1,0.2,0.5,0,2,1,600,1,31,0,0,0,1,1,1,1,1
812,4,0,1,0.2,0.5,0,1,1,600,1,31,0,0,0,1,1,1,1,1
813,4,0,1,0.2,0.5,0,2,1,601,1,31,0,3,0,1,1,1,1,1
814,4,0,1,0.2,0.5,0,1,1,601,1,31,0,3,0,1,1,1,1,1
815,9,1,0.01,0.5,0.95,4,19,1,425,1,23,0,0,0,1,1,1,1,1
816,1,0,1,0.15,0.3,0,-1,7,602,1,47,0,0,1,1,1,1,1,1
817,1,0,1,0.15,0.3,0,-1,7,603,1,47,0,0,1,1,1,1,1,1
818,1,0,1,0.15,0.3,0,-1,7,602,1,47,0,0,1,1,1,1,1,1
819,1,0,1,0.15,0.3,0,-1,8,602,1,47,0,0,1,1,1,1,1,1
820,10,0,1,1,1,0,-1,0,408,1,23,0,0,0,1,1,1,1,1
821,10,1,0,1,0,1,-1,0,606,1,7,0,0,0,1,1,1,1,1
822,10,0,1,1,1,2,-1,0,607,1,23,0,0,0,1,1,1,1,1
823,10,0,1,3,0,0,-1,0,608,1,23,0,0,0,1,1,1,1,1
824,10,1,0,2,0,2,-1,0,608,1,23,0,0,0,1,1,1,1,1
825,5,0,1,0.3,0,0,-1,3,517,0.5,15,0,0,0,1,1,1,1,1
826,5,0,1,0.01,0,0,-1,3,517,0.5,15,0,0,0,1,1,1,1,1
827,1,0,1,1,0,0,-1,0,254,1,23,0,0,0,1,1,1,1,1
828,3,0,1,4,0,5,-1,0,386,1,23,0,0,0,1,1,1,1,1
829,2,0,1,0.25,0.75,0,-1,7,447,2,23,0,0,0,1,1,1,1,1
830,10,0,1,1,0,0,-1,0,467,1,10,0,0,0,1,1,1,1,1
831,4,0,1,0.15,0.3,0,-1,0,613,1,31,0,0,0,1,1,1,1,1
832,10,0,1,1,0,1,-1,7,447,3,23,0,0,0,1,1,1,1,1
833,10,0,1,2,0,10,-1,7,423,3,23,0,0,0,1,1,1,1,1
834,4,0,1,0.25,0.25,0,-1,7,440,1,23,0,0,0,1,1,1,1,1
835,10,0,1,1,0,5,-1,7,589,3,23,0,0,0,1,1,1,1,1
836,4,0,1,1,1,0,-1,0,221,1,0,0,0,0,1,1,1,1,1
837,3,0,1,0.2,0.2,0,-1,1,292,1,535,0,2,0,1,1,1,1,1
838,20,0,5,2,2,0,-1,0,292,1,9,3483,0,1,1,1,1,1,1
839,10,0,1,2.5,2,0,-1,7,360,6,55,0,0,0,1,1,1,1,1
840,10,0,1,2,2,0,-1,7,360,6,55,0,0,0,1,1,1,1,1
841,1,0,1,10,0,10,-1,0,578,1,23,0,0,0,1,1,1,1,1
842,8,0,1,2.5,0,9,-1,1,426,1,278,0,0,0,1,1,1,1,1
843,10,1,0,2,2,0,-1,7,360,6,55,0,0,0,1,1,1,1,1
844,4,1,1,0.5,0.5,8,-1,0,602,1,23,106,0,0,1,1,1,1,1
845,3,1,0,2,0,0,-1,6,607,0.4,22,0,0,0,1,1,1,1,1
846,3,0,1,1,0,0,-1,6,607,0.4,22,0,0,0,1,1,1,1,1
847,4,0,0.5,0.5,0.5,0,-1,0,616,1,31,0,0,0,1,1,1,1,1
848,1,0,1,0.5,0.5,0,-1,0,617,1,13,0,0,0,1,1,1,1,1
849,10,0,1,4,0,7,-1,0,447,3,23,0,0,0,1,1,1,1,1
850,10,0,1,3,1,0,-1,0,416,1,23,0,0,0,1,1,1,1,1
851,0.5,0,1,1.7,0.3,0,-1,3,624,1,14,0,0,0,1,1,1,1,1
852,10,0,1,5,0,10,-1,0,243,1,23,0,0,0,1,1,1,1,1
853,3,0,1,2,2,4,-1,0,433,2,21,0,0,0,1,1,1,1,1
854,11,0,1,1,1,0,-1,1,626,1,15,0,0,0,1,1,1,1,1
855,11,0,1,1,1,0,1,1,627,1,15,0,0,5,1,1,1,1,1
856,11,0,1,1,1,0,2,1,627,1,15,0,0,5,1,1,1,1,1
857,11,0,1,1,1,0,0,1,627,1,15,0,0,5,1,1,1,1,1
858,11,0,1,1,1,0,19,1,627,1,15,0,0,5,1,1,1,1,1
859,11,0,1,1,0.9,0,1,1,628,1,15,0,0,5,1,1,1,1,1
860,11,0,1,1,1,0,2,1,628,1,15,0,0,5,1,1,1,1,1
861,11,0,1,1,1,0,0,1,628,1,15,0,0,5,1,1,1,1,1
862,11,0,1,1,1,0,19,1,628,1,15,0,0,5,1,1,1,1,1
863,1,0,1,0.5,0.5,0,-1,4,453,1.75,14,0,0,0,1,1,1,1,1
864,1,0,1,0.2,0.2,0,-1,0,500,1,47,0,0,0,1,1,1,1,1
865,10,1,0,1,0,0,-1,0,348,1,7,0,0,0,1,1,1,1,1
866,10,1,0,4,0,4,-1,0,348,1,7,0,0,0,1,1,1,1,1
867,10,0,1,7,0,7,-1,2,243,1,23,0,0,0,1,1,1,1,1
869,4,1,1,0,1,0,-1,0,602,1,23,106,0,0,1,1,1,1,1
870,8,0,1,0.3,1,1,-1,7,427,1,23,0,1,0,1,1,1,1,1
872,10,1,0,5,0,5,-1,0,472,1,7,0,0,0,1,1,1,1,1
873,10,1,0,0.5,0.35,0,-1,5,578,1,23,0,0,0,1,1,1,1,1
874,10,1,0,0,0.3,0.5,-1,5,578,1,23,0,0,0,1,1,1,1,1
875,10,0,1,1,0,1,-1,0,386,0.5,22,0,0,0,1,1,1,1,1
876,10,1,0,1,0,1,-1,0,426,1,7,0,0,0,1,1,1,1,1
877,10,0,1,1,0,1,-1,0,426,1,7,0,0,0,1,1,1,1,1
878,10,1,0,4,0,4,-1,0,446,1,7,0,0,0,1,1,1,1,1
879,10,0,1,2,0,3,-1,7,447,3,23,0,0,0,1,1,1,1,1
880,8,0,1,1,0,10,-1,1,441,1,23,0,0,0,1,1,1,1,1
881,8,0,1,0.25,0,10,-1,1,441,1,23,0,0,0,1,1,1,1,1
882,10,0,1,0,2,1,-1,7,446,3,23,0,0,0,1,1,1,1,1
883,4,1,1,1.5,1.5,0,-1,0,602,1,23,106,0,0,1,1,1,1,1
884,10,1,0,1,1,0,-1,0,424,1,7,0,0,0,1,1,1,1,1
885,9,1,0.5,0.5,2,16,-1,0,648,0.1,23,0,0,0,1,1,1,1,1
886,4,1,1,2,1,0,-1,0,602,1,23,106,0,0,1,1,1,1,1
887,3,1,0,5,0,0,-1,0,635,1,28,0,0,0,1,1,1,1,1
888,10,0,1,1,1,0,-1,0,426,1,7,0,0,0,1,1,1,1,1
889,10,0,1,1,1,1,-1,0,426,1,7,0,0,0,1,1,1,1,1
890,10,0,1,1,1,2,-1,0,426,1,7,0,0,0,1,1,1,1,1
892,4,1,1,0,10,0,-1,0,602,1,23,106,0,0,1,1,1,1,1
893,4,1,1,0.25,10,0,-1,0,602,1,23,106,0,0,1,1,1,1,1
894,7,0,1,1.75,0,3,-1,0,425,1,23,0,0,0,1,1,1,1,1
895,20,0,1,2,2,2,-1,0,292,1,9,0,0,0,1,1,1,1,1
896,3,1,0,1,1,5,-1,6,607,0.4,22,0,0,0,1,1,1,1,1
897,10,0,1,0.2,1,0,-1,7,638,1,15,0,0,0,1,1,1,1,1
898,2,1,0,1,0.75,0,-1,0,639,1,7,0,0,0,1,1,1,1,1
899,4,1,0,1,0.75,0,-1,0,640,1,7,6347,0,0,1,1,1,1,1
900,2,1,0,1,0.75,0,-1,0,641,1,7,0,0,0,1,1,1,1,1
901,2,0,5,2,2,0,-1,6,642,1,9,0,0,0,1,1,1,1,1
902,1,0,1,1,1,0,-1,7,408,2,47,0,0,0,1,1,1,1,1
903,10,1,0,1,0,0,-1,0,643,1,7,0,0,0,1,1,1,1,1
904,3,0,1,1,0,0,-1,6,606,0.4,22,0,0,0,1,1,1,1,1
905,10,0,1,1,1,2,19,0,472,1,23,0,0,0,1,1,1,1,1
906,10,0,1,1.75,0,0,-1,7,447,3,23,0,0,0,1,1,1,1,1
907,10,1,0,1,0,2,-1,0,348,1,7,0,0,0,1,1,1,1,1
908,1,0,1,1,1,0,-1,8,644,1.5,13,0,0,0,1,1,1,1,1
909,1,0,1,1,0,0,-1,8,644,1.5,13,0,0,0,1,1,1,1,1
910,1,0,1,1,1,0,-1,8,644,1.5,13,0,0,0,1,1,1,1,1
911,10,0,1,1,1,2,-1,0,643,1,7,0,0,0,1,1,1,1,1
912,4,1,1,1.4,2,0,-1,0,602,1,23,106,0,0,1,1,1,1,1
913,10,1,0,1,0,2,-1,0,349,1,7,0,10,0,1,1,1,1,1
914,15,0,1,2,0.5,0,-1,0,447,0.7,23,0,0,0,1,1,1,1,1
915,10,0,1,2,1,3,-1,0,243,1,23,0,10,0,1,1,1,1,1
916,20,0,5,0,0,0,-1,0,0,1,2057,0,10,0,1,1,1,1,1
917,5,1,0,2.5,0,3,-1,6,417,0.2,23,0,0,0,1,1,1,1,1
918,1,0,1,1,1,0,-1,0,408,0.5,31,0,0,0,1,1,1,1,1
919,10,0,1,1,1,0,-1,0,643,1,7,0,0,0,1,1,1,1,1
920,8,1,0,1.5,0.01,2.5,-1,7,449,1,23,0,4,0,1,1,1,1,1
921,4,0,0.75,1,0.05,0,-1,1,600,0.75,171,0,1,0,1,1,1,1,1
922,3,0.8,0,1.25,1.25,0,-1,0,603,4,23,0,0,0,1,1,1,1,1
923,1,1,0,0.3,0.3,2,-1,2,603,1,23,0,0,0,1,1,1,1,1
924,10,0.8,0,1.25,1,0,-1,6,603,1,22,0,0,0,1,1,1,1,1
925,1,1,0,0.3,0.1,2,-1,2,603,1,23,0,0,0,1,1,1,1,1
926,5,1,0,1,0,1,-1,7,646,0.5,86,0,0,0,1,1,1,1,1
927,10,1,0,1,0,1,-1,0,349,1,7,0,0,0,1,1,1,1,1
928,10,1,0,1,0,1,-1,1,349,1,71,0,0,0,1,1,1,1,1
930,0.5,0,0.5,0.01,0,0,-1,6,517,0.3,14,0,0,0,1,1,1,1,1
932,10,0,1,1,1,0,-1,7,416,1,23,0,0,0,1,1,1,1,1
933,7,1,0.6,1,2,13,-1,1,649,0.1,23,0,0,0,1,1,1,1,1
934,8,0,1,1.5,0.01,5,-1,7,449,1,23,0,4,0,1,1,1,1,1
935,4,1,0,1.5,0,1,-1,7,417,1,23,0,0,0,1,1,1,1,1
936,4,1,0,1.5,0,1,-1,7,424,1,23,0,0,0,1,1,1,1,1
937,4,1,0,1.5,0,1,-1,7,426,1,23,0,0,0,1,1,1,1,1
938,4,1,0,1.5,0,1,-1,7,420,1,23,0,0,0,1,1,1,1,1
939,4,1,0,1.5,0,1,-1,7,434,1,23,0,0,0,1,1,1,1,1
940,4,1,0,1.5,0,1,-1,7,663,1,23,0,0,0,1,1,1,1,1
941,8,0,1,0.15,0.3,0,-1,0,650,1,31,0,0,0,1,1,1,1,1
942,1,0,1,1,1,0,-1,7,292,2,47,0,0,0,1,1,1,1,1
943,1,0.7,0.35,10,0.3,0,-1,7,652,3,23,0,0,0,1,1,1,1,1
944,1,0.7,0.35,10,0.3,0,-1,7,652,4,23,0,0,0,1,1,1,1,1
945,1,0.7,0.35,10,0.3,0,-1,7,652,4,23,0,0,0,1,1,1,1,1
946,1,0,1,1,1,0,-1,7,653,2,47,0,0,0,1,1,1,1,1
948,10,0,1,5,0,5,-1,0,408,1,23,0,0,0,1,1,1,1,1
949,10,0,1,0.5,0.35,0,-1,5,578,1,23,0,0,0,1,1,1,1,1
950,8,1,0,0,1,1.5,-1,7,420,1.5,55,0,0,0,1,1,1,1,1
951,10,1,0,0.5,0,0.5,-1,0,446,1,7,0,0,0,1,1,1,1,1
952,10,0,1,0.5,0,0,-1,7,447,3,23,0,0,0,1,1,1,1,1
953,6,1,0,0.4,0.5,0.8,19,1,229,1,23,0,0,0,1,1,1,1,1
954,10,1,0,4,0,4,-1,7,652,0.6,23,0,0,0,1,1,1,1,1
955,30,0,5,2,2,0,-1,7,292,3,9,0,0,5,1,1,1,1,1
956,4,0,1,9,1,10,-1,0,360,1,55,0,10,0,1,1,1,1,1
957,8,0,1,0.15,0.3,0,-1,0,662,1,31,0,0,0,1,1,1,1,1
958,10,1,0,2,0,2,-1,0,446,1,7,0,0,0,1,1,1,1,1
959,5,0,0.8,0.15,0.3,0,-1,7,663,1,47,0,0,1,1,1,1,1,1
960,3,1,0,0,1,2,-1,1,479,1,535,0,2,0,1,1,1,1,1
1058,10,0,1,2,0,3,-1,7,763,3,23,0,0,0,1,1,1,1,1
1059,10,0,1,0,2,1,-1,7,764,3,23,0,0,0,1,1,1,1,1
1060,5,0,0.3,0.15,0.3,0,-1,7,663,1,47,0,0,1,1,1,1,1,1
1061,10,0,1,8,0,0,-1,0,360,6,55,0,0,0,1,1,1,1,1
1062,1,0.7,0.5,0,0,0,-1,7,765,4,23,0,1,0,1,1,1,1,1
1063,10,0,1,0,1,1,-1,7,764,3,23,0,0,0,1,1,1,1,1
1064,2,1,0.2,0.1,1,0,-1,0,771,1,7,0,0,0,1,1,1,1,1
1065,8,0,1,0.15,0.3,0,-1,0,769,1,31,0,0,0,1,1,1,1,1
1066,8,1,0,2,0,4,-1,7,420,1.5,55,0,0,0,1,1,1,1,1
1067,8,1,0,2,0,4,-1,7,420,1.5,55,0,0,0,1,1,1,1,1
1068,2,0,1,0.25,0.25,0,-1,7,770,3,11,0,0,0,1,1,1,1,1
1069,10,0,1,3,0,3,-1,0,447,1,23,0,0,0,1,1,1,1,1
1070,1,0,1,0,0,0,-1,7,772,0,47,0,1,1,1,1,1,1,1
1071,10,1,0,1,0,1,-1,0,417,1,7,0,0,0,1,1,1,1,1
1072,10,1,0,1,0,0,-1,7,773,1,7,0,0,0,1,1,1,1,1
1073,3,1,0,2,0,2.5,-1,7,652,2,23,0,0,0,1,1,1,1,1
1074,10,0,1,2,3,5,-1,0,643,1,7,0,0,0,1,1,1,1,1
1075,10,1,0,0.5,0,0,-1,7,774,1,7,0,0,0,1,1,1,1,1
1076,10,1,0,2.5,0,2.5,-1,0,775,1,23,0,0,0,1,1,1,1,1
1079,100,0,1,0.25,0.25,0,-1,7,809,1,43,0,0,0,1,1,1,1,1
1080,5,0,1,7,0,0,-1,7,416,1,21,0,0,0,1,1,1,1,1
1081,0,0,1,0.25,0.25,0,-1,7,777,1,43,0,1,0,1,1,1,1,1
1083,4,1,0,0.9,0,0.9,-1,0,240,1,7,0,0,0,1,1,1,1,1
1084,10,1,0,3,0,3,-1,7,360,1,55,0,0,0,1,1,1,1,1
1085,10,0.3,1,1,1,0,-1,1,360,1,55,0,0,0,1,1,1,1,1
1086,4,1,0,1.5,0,1,-1,7,440,1,23,0,0,0,1,1,1,1,1
1087,10,1,0,10,0,15,-1,0,446,2,7,0,0,0,1,1,1,1,1
1088,1,0,1,0.15,0.3,0,-1,0,784,0.5,47,0,0,0,1,1,1,1,1
1089,3,0,1,0,1,1.5,-1,6,607,0.4,22,0,0,0,1,1,1,1,1
1090,4,0,0.5,1,1,0,-1,0,787,1,23,0,0,0,1,1,1,1,1
1091,10,0,1,0.25,0.25,20,-1,0,243,1,23,0,0,0,1,1,1,1,1
1092,5,1,0,2,0,1,-1,0,602,1,7,0,0,0,1,1,1,1,1
1093,4,0,1,3,3,1,-1,0,602,1,23,106,0,0,1,1,1,1,1
1094,3,0,1,0.2,0,0,-1,1,238,1,535,0,2,0,1,1,1,1,1
1095,10,0,1,1,0,1,-1,0,349,1,7,0,0,0,1,1,1,1,1
1096,10,1,0,0.2,0,0.2,-1,7,788,1,7,0,0,0,1,1,1,1,1
1097,4,1,1,0.5,1.5,0,-1,0,602,1,23,106,0,0,1,1,1,1,1
1098,10,0,1,0.5,0.5,0,-1,0,416,1,23,0,0,0,1,1,1,1,1
1099,8,0,1,0.15,0.3,0,-1,0,650,1,31,0,0,0,1,1,1,1,1
1100,15,0,1,0,2,0,-1,0,447,0.7,23,0,0,0,1,1,1,1,1
1102,4,0,1,0,0,1,-1,0,794,1,23,0,0,0,1,1,1,1,1
1103,1,0,0.8,0.15,0.3,0,-1,0,784,0.5,47,0,0,0,1,1,1,1,1
1104,1,0,1,0.15,0.3,0,-1,8,784,0.5,47,0,0,0,1,1,1,1,1
1105,1,0,5,0.5,0.5,0,-1,7,292,1,9,3483,0,0,1,1,1,1,1
1106,1,0,1,0.15,0.3,0,-1,0,795,1,47,0,0,1,1,1,1,1,1
1107,10,1,0,1,0,1,-1,0,551,1,7,0,0,0,1,1,1,1,1
1108,10,0,1,1,0,1,-1,0,418,1,7,0,0,0,1,1,1,1,1
1109,10,0,1,1,1,1,-1,7,297,3,23,0,0,0,1,1,1,1,1
1110,1,0,1,2,2,0,-1,7,489,0.2,9,0,0,0,1,1,1,1,1
1111,6,0,1,0.5,0,0,-1,0,773,1,23,0,0,0,1,1,1,1,1
1112,6,1,0,0.8,0,0,-1,0,773,1,23,0,0,0,1,1,1,1,1
1113,10,0,1,0.2,1,0,-1,7,773,1,7,0,0,0,1,1,1,1,1
1114,10,0,1,0.5,0.5,0,-1,7,774,1,7,0,0,0,1,1,1,1,1
1115,0.1,0,1,0.15,0.1,0,-1,1,798,1,9,0,0,1,1,1,1,1,1
1116,2,1,0,1,0.75,0,-1,0,799,1,7,0,0,0,1,1,1,1,1
1117,2,1,0,1,0.75,0,-1,0,800,1,7,0,0,0,1,1,1,1,1
1118,2,1,0,1,0.75,0,-1,0,801,1,7,0,0,0,1,1,1,1,1
1119,1,0,1,0.2,0.5,0,-1,0,802,1,31,0,0,0,1,1,1,1,1
1120,10,0,1,1,1,0,-1,0,643,1,7,0,0,0,1,1,1,1,1
1121,8,0,1,2,2,3,-1,1,441,1,23,0,0,0,1,1,1,1,1
1122,10,1,1,1,0,0,-1,6,607,0.4,22,0,0,0,1,1,1,1,1
1123,5,1,0,2,0,0,-1,7,440,1.5,21,0,0,2,1,1,1,1,1
1124,3,0,1,1,1,1,-1,0,805,2,21,0,0,0,1,1,1,1,1
1125,3,0,1,1,1,0,-1,0,805,2,21,0,0,0,1,1,1,1,1
1126,4,0,1,2,0,2,-1,7,416,1,23,0,0,0,1,1,1,1,1
1127,4,1,0,2,1,5,-1,0,607,1,22,0,0,0,1,1,1,1,1
1128,10,0,1,1,0.2,0,-1,1,806,1,15,0,0,0,1,1,1,1,1
1129,7,0,1,1,0,3,-1,0,427,1,23,0,0,0,1,1,1,1,1
1130,2,0,1,3,3,0,-1,6,809,1,63,0,0,0,1,1,1,1,1
1131,3,0,1,2,0,3,-1,0,243,0.5,23,0,0,0,1,1,1,1,1
1132,8,1,0,2.5,0,9,-1,1,426,1,300,0,0,0,1,1,1,1,1
1133,20,0,5,2,2,0,-1,1,810,1,9,0,0,0,1,1,1,1,1
1134,10,0,1,0,1,1,-1,0,426,1,7,0,0,0,1,1,1,1,1
1135,10,0,1,3,0,0,-1,7,360,6,55,0,0,0,1,1,1,1,1
1136,10,0,1,0,2,0,-1,0,811,1,23,0,0,0,1,1,1,1,1
1137,8,0.9,0,0.5,1,0.7,-1,0,640,1,23,0,0,0,1,1,1,1,1
1138,4,1,0,0.6,0,0,-1,7,420,1,23,0,0,0,1,1,1,1,1
1139,8,0,1,4,1,0,-1,7,441,1,23,0,0,0,1,1,1,1,1
1141,8,0,1,4,1,0,11,7,441,1,23,0,0,0,1,1,1,1,1
1142,10,0,0,0,2,0,-1,0,811,1,23,0,0,0,1,1,1,1,1
1143,3,1,0,1,3,0,19,0,607,0.4,22,0,0,0,1,1,1,1,1
1144,10,1,0,4,0,0,-1,0,811,1,23,0,0,0,1,1,1,1,1
1145,10,1,0,0,4,0,-1,0,811,1,23,0,0,0,1,1,1,1,1
1146,8,0.9,0,0.5,1,0.7,-1,0,805,1,23,0,0,0,1,1,1,1,1
1147,10,0,1,21,0,0,-1,0,416,1,23,0,0,0,1,1,1,1,1
1148,10,1,0,17,0,0,-1,0,416,1,23,0,0,0,1,1,1,1,1
1149,1,0,1,0.5,0.5,0,2,1,828,1,12,0,5,0,1,1,1,1,1
1150,10,0,1,12,0,15,-1,7,447,3,23,0,0,0,1,1,1,1,1
1151,10,0,1,4,0,4,-1,2,829,1,23,0,0,0,1,1,1,1,1
1152,10,0,1,1,2,1,-1,0,429,1,23,0,0,0,1,1,1,1,1
1153,8,1,0.5,0,1,0,-1,7,420,1.5,55,0,0,0,1,1,1,1,1
1154,10,0,1,1,0.2,0,-1,5,830,1,15,0,0,5,1,1,1,1,1
1155,10,1,0,20,0,0,-1,0,446,1,7,0,0,0,1,1,1,1,1
1156,1,0,1,0.5,0.5,0,2,1,846,0.5,12,0,5,0,1,1,1,1,1
1157,10,1,0,3,0,4,-1,1,426,1,7,0,0,0,1,1,1,1,1
1158,10,0,1,3,0,4,-1,0,426,1,7,0,0,0,1,1,1,1,1
1159,10,0,1,0.6,1,0,-1,0,906,1,9,0,4,0,1,1,1,1,1
1161,6,1,0,1.5,0,1.5,-1,3,408,0.75,23,0,0,0,1,1,1,1,1
1163,10,1,0,1.5,0,1.5,-1,3,408,0.4,23,0,0,0,1,1,1,1,1
1164,10,0,1,0.15,0.1,0,-1,1,837,3,9,0,4,5,1,1,1,1,1
1165,1,0,1,0.5,0.5,0,1,1,840,0.5,12,0,5,0,1,1,1,1,1
1166,1,0,1,0.5,0.5,0,1,0,839,1,12,0,5,0,1,1,1,1,1
1167,1,0,1,0.5,0.5,0,2,1,838,1,12,0,5,0,1,1,1,1,1
1168,1,0,1,0.5,0.5,0,1,1,838,1,12,0,5,0,1,1,1,1,1
1169,1,0,1,0.5,0.5,0,1,1,841,0.5,12,0,5,0,1,1,1,1,1
1170,1,0,1,0.5,0.5,0,1,1,840,1,12,0,5,0,1,1,1,1,1
1171,1,0,1,0.5,0.5,0,1,1,842,1,12,0,5,0,1,1,1,1,1
1172,10,0,1,0.35,0,1,-1,1,360,1,23,0,0,0,1,1,1,1,1
1173,10,1,0,1,0,1,-1,1,360,1,23,0,5,0,1,1,1,1,1
1174,0.1,0,1,0.15,0.1,0,-1,1,408,1,9,0,0,1,1,1,1,1,1
1175,0,0,1,0.15,0.1,0,-1,1,843,1,9,0,0,1,1,1,1,1,1
1176,1,0,1,0.5,0.5,0,1,1,845,0.5,12,0,5,0,1,1,1,1,1
1177,1,0,1,0.5,0.5,0,1,1,847,0.5,12,0,5,0,1,1,1,1,1
1178,1,0,1,0.5,0.5,0,2,1,848,0.5,12,0,5,0,1,1,1,1,1
1179,1,0,1,0.5,0.5,0,1,1,848,0.5,12,0,5,0,1,1,1,1,1
1180,1,0,1,0.5,0.5,0,1,1,849,1,12,0,5,0,1,1,1,1,1
1181,1,0,1,0.5,0.5,0,2,1,849,1,12,0,5,0,1,1,1,1,1
1182,1,0,1,0.5,0.5,0,1,1,850,0.5,12,0,5,0,1,1,1,1,1
1183,1,0,1,0.5,0.5,0,1,1,851,0.5,12,0,5,0,1,1,1,1,1
1184,1,0,1,0.5,0.5,0,1,1,852,0.5,12,0,5,0,1,1,1,1,1
1185,8,0,1,0.5,0.5,0,-1,7,420,1.5,55,0,0,0,1,1,1,1,1
1186,1,0,1,0.5,0.5,0,1,1,853,0.5,12,0,5,0,1,1,1,1,1
1188,10,0,1,1,0.2,0,-1,0,854,1,15,0,0,0,1,1,1,1,1
1189,10,0,1,1,1,0,-1,1,855,1,31,0,0,0,1,1,1,1,1
1190,8,0,1,0,0.5,0,-1,7,420,1.5,55,0,0,0,1,1,1,1,1
1191,1,0,1,0.5,0.5,0,2,1,832,0.5,12,0,5,0,1,1,1,1,1
1192,1,0,1,0.5,0.5,0,1,1,859,0.5,12,0,5,0,1,1,1,1,1
1193,1,1,0,0.3,0.5,9.5,-1,2,603,1,23,0,0,0,1,1,1,1,1
1194,5,1,0,1.5,1.5,0,-1,2,772,1,22,0,0,0,1,1,1,1,1
1195,1,1,0,3,1.5,0,-1,2,772,1,22,0,0,0,1,1,1,1,1
1196,6,0,1,1.5,0,2,-1,3,408,0.75,23,0,0,0,1,1,1,1,1
1197,4,0,0,0.1,0.1,0,-1,2,604,1,23,0,0,0,1,1,1,1,1
1198,10,1,0.3,6,0,0,-1,1,360,1,55,0,10,0,1,1,1,1,1
1199,10,0,1,3,0,3,-1,0,418,1,23,0,0,0,1,1,1,1,1
1200,3,1,0,0.7,0,0.8,-1,8,861,0.4,23,0,0,0,1,1,1,1,1
1201,10,0,1,0.15,0.1,0,-1,1,862,3,9,0,1,5,1,1,1,1,1
1202,5,0,0.8,0.2,0.3,0,-1,7,663,1,47,0,0,1,1,1,1,1,1
1203,10,1,0,1,0.33,0,-1,7,426,1,7,0,0,0,1,1,1,1,1
1204,3,0,0.5,1,1,1,-1,0,805,2,21,0,0,0,1,1,1,1,1
1205,10,0,1,1,1,2,19,0,472,1,23,0,0,0,1,1,1,1,1
1206,10,0,1,1,1,2,-1,0,472,1,23,0,0,0,1,1,1,1,1
1207,8,0,1,0.15,0.3,0,-1,0,863,1,31,0,0,0,1,1,1,1,1
1208,8,0,1,0.15,0.3,0,-1,0,365,1,31,0,0,0,1,1,1,1,1
1209,10,1,0,5,0,0,-1,7,360,6,55,0,0,0,1,1,1,1,1
1210,1,0,1,0.5,0.5,0,1,6,532,1,12,0,5,0,1,1,1,1,1
1211,1,0,1,0.5,0.5,0,2,6,532,1,12,0,5,0,1,1,1,1,1
1212,0,1,1,1,1,6,1,7,864,1,8,0,20,5,1,1,1,1,1
1213,10,1,0,2,0,2,-1,0,472,1,7,0,0,0,1,1,1,1,1
1214,10,0,1,3,0.1,0,-1,0,867,1,15,0,0,0,1,1,1,1,1
1215,8,0,1,1.75,2.5,9,-1,1,416,1,23,0,0,0,1,1,1,1,1
1216,4,0,1,0.15,0.3,0,-1,1,870,1.25,31,0,0,0,1,1,1,1,1
1217,1,0,1,0.5,0.5,1,-1,0,243,1,23,0,0,0,1,1,1,1,1
1218,1,0,1,0.5,0.5,1,-1,0,277,1,23,0,0,0,1,1,1,1,1
1219,20,0,5,2,2,0,-1,7,292,1,9,0,0,0,1,1,1,1,1
1220,10,0,1,1.25,1,3,-1,0,473,3,23,0,0,0,1,1,1,1,1
1221,10,0,1,2,4,5,-1,0,473,3,23,0,0,0,1,1,1,1,1
1222,10,0,1,1,1,2,-1,0,473,3,23,0,0,0,1,1,1,1,1
1223,8,0,1,0.8,1.5,0,-1,8,421,1.5,55,0,0,0,1,1,1,1,1
1224,8,0,1,3,1.5,0,-1,8,421,1.5,55,12283,0,0,1,1,1,1,1
1225,8,1,0,10,0,8,-1,7,420,1.5,55,0,0,0,1,1,1,1,1
1226,8,0,0.1,1,1,0,-1,0,875,1,21,0,0,0,1,1,1,1,1
1227,8,1,0,2,0,2,-1,1,426,1,22,0,0,0,1,1,1,1,1
1228,10,0,1,1,1,1,-1,0,881,1,23,0,0,0,1,1,1,1,1
1229,1,0,1,0.5,0.5,0,0,6,532,1,12,0,5,0,1,1,1,1,1
1230,10,0,1,1.2,0,0,-1,0,417,1,55,0,10,0,1,1,1,1,1
1231,3,0.8,0,1.25,1.25,0,-1,2,878,4,23,0,0,0,1,1,1,1,1
1232,6,0,1,4,0,0,-1,2,435,1.6,52,0,0,0,1,1,1,1,1
1233,6,1,0,2,0,2,-1,2,435,1.6,52,0,0,0,1,1,1,1,1
1234,20,0,1,2,0,6,-1,0,879,1,23,0,0,0,1,1,1,1,1
1235,10,0,1,0.15,0.1,0,-1,1,880,3,9,0,4,2,1,1,1,1,1
1236,10,1,0,2,0,0,-1,7,360,6,55,0,0,0,1,1,1,1,1
1237,10,0,1,3,0,0,-1,0,602,1,23,0,0,0,1,1,1,1,1
1238,4,1,0,1.5,0,3,-1,7,424,1,23,0,0,0,1,1,1,1,1
1239,10,1,0,3,0,3,-1,0,426,1,7,0,0,0,1,1,1,1,1
1240,10,0,1,1,1,3.5,-1,0,418,1,7,0,0,0,1,1,1,1,1
1241,2,1,0,1,0.75,0,-1,0,472,1,7,0,0,0,1,1,1,1,1
1242,2,1,0,0,0.75,0,-1,0,639,1,7,0,0,0,1,1,1,1,1
1243,10,0,1,1,1,0,-1,0,418,1,7,0,0,0,1,1,1,1,1
1244,10,1,0,1,1,11,-1,0,472,1,7,0,0,0,1,1,1,1,1
1245,8,1,0,3,0,3,-1,1,426,1,22,0,0,0,1,1,1,1,1
1246,8,0,1,2,1,2,-1,1,426,1,22,0,0,0,1,1,1,1,1
1247,10,0,1,0.2,1,0,-1,0,885,1,15,0,0,0,1,1,1,1,1
1248,10,1,1,1,1,11,-1,0,864,1,15,0,0,0,1,1,1,1,1
1249,10,1,0,2,0,2,-1,0,419,1,7,0,0,0,1,1,1,1,1
1250,10,0,1,1,1,0,-1,1,360,1,55,0,0,0,1,1,1,1,1
1251,10,0,1,0,1,1,20,2,764,3,23,0,0,0,1,1,1,1,1
1252,10,0,0.5,1,0,0,-1,7,886,1,23,0,0,0,1,1,1,1,1
1253,1,0,1,0,1,5,-1,7,811,3.5,31,0,0,0,1,1,1,1,1
1254,10,1,1,0,0,0,-1,0,530,1,23,0,0,0,1,1,1,1,1
1255,1,0,1,3.6,0,3.6,-1,0,243,1,23,0,0,0,1,1,1,1,1
1256,9,0,1,1.5,0.75,1.5,-1,7,887,1,7,0,0,0,1,1,1,1,1
1257,10,0,0,0,0,0,-1,0,530,1,23,0,0,0,1,1,1,1,1
1258,1,0,1,0.5,0.5,0,1,1,888,1,12,0,5,0,1,1,1,1,1
1259,10,1,0,6,0,0,-1,6,811,1,23,0,0,0,1,1,1,1,1
1261,1,0,1,0.5,0.5,0,1,1,890,1,12,0,5,0,1,1,1,1,1
1262,6,0,1,2,0,0,-1,1,891,1,22,0,0,2,1,1,1,1,1
1263,10,0,1,2,1,0,-1,0,892,1,15,0,0,0,1,1,1,1,1
1264,1,0,1,0.5,0.5,0,1,1,893,0.5,12,0,5,0,1,1,1,1,1
1265,1,0,1,0.5,0.5,0,2,1,894,0.5,12,0,5,0,1,1,1,1,1
1267,1,0,1,0.5,0.5,0,1,1,896,1,12,0,5,0,1,1,1,1,1
1269,10,0,0.45,1,1,0,-1,7,446,3,23,0,0,0,1,1,1,1,1
1270,1,0,1,0.5,0.5,0,1,0,898,1,12,0,5,0,1,1,1,1,1
1271,1,0,1,0.5,0.5,0,1,1,899,0.5,12,0,5,0,1,1,1,1,1
1272,1,0,1,0.5,0.5,0,1,1,900,1,12,0,5,0,1,1,1,1,1
1273,1,0,1,0.5,0.5,0,1,1,901,0.5,12,0,5,0,1,1,1,1,1
1274,1,0,1,0.5,0.5,0,1,1,905,1,12,0,5,0,1,1,1,1,1
1275,1,0,1,0.5,0.5,0,1,1,907,1,12,0,5,0,1,1,1,1,1
1276,1,0,1,0.5,0.5,0,1,1,908,0.5,12,0,5,0,1,1,1,1,1
1277,1,0,1,0.5,0.5,0,2,1,909,0.5,12,0,5,0,1,1,1,1,1
1279,1,0,1,0.5,0.5,0,1,0,910,1,12,0,5,0,1,1,1,1,1
1280,1,0,1,0.5,0.5,0,1,1,911,1,12,0,5,0,1,1,1,1,1
1281,1,0,1,0.5,0.5,0,1,1,912,0.5,12,0,5,0,1,1,1,1,1
1282,1,0,1,0.5,0.5,0,1,1,913,1,12,0,5,0,1,1,1,1,1
1283,1,0,1,0.5,0.5,0,1,1,914,0.5,12,0,5,0,1,1,1,1,1
1284,1,0,1,0.5,0.5,0,1,1,915,0.5,12,0,5,0,1,1,1,1,1
1285,1,0,1,0.5,0.5,0,1,1,916,0.5,12,0,5,0,1,1,1,1,1
1286,10,0,1,1.5,1.5,2,-1,0,919,1,23,0,0,0,1,1,1,1,1
1287,10,0,1,1.75,0.5,4,-1,0,919,1,23,0,0,0,1,1,1,1,1
1288,10,1,1,0.01,1,0,-1,5,578,1,23,0,0,0,1,1,1,1,1
1289,20,0,5,2,2,0,-1,6,920,1,9,0,0,0,1,1,1,1,1
1290,10,-1.78,1,3,1,0,-1,7,921,3,23,0,1,0,1,1,1,1,1
1291,10,-0.5,1,3,1,0,-1,7,921,3,23,0,1,0,1,1,1,1,1
1292,10,1,0,2,0,0,-1,1,360,1,23,0,0,0,1,1,1,1,1
1293,10,0,1,2,0,6,-1,1,360,1,23,0,0,0,1,1,1,1,1
1294,10,0,1,0.5,1,0,-1,0,926,1,15,0,0,0,1,1,1,1,1
1295,10,0,1,0.5,1,0,-1,0,927,1,15,0,0,0,1,1,1,1,1
1296,4,1,1,0,1,0,-1,0,360,1,23,106,0,0,1,1,1,1,1
1297,4,0,1,2,10,3,-1,0,343,1,23,0,0,0,1,1,1,1,1
1298,4,0,1,7,1.5,0,-1,0,360,1,23,106,0,0,1,1,1,1,1
1299,1,0,1,1,1,1,-1,0,647,1,23,0,0,0,1,1,1,1,1
1300,6,0,1,2,0,0,-1,0,891,1,22,0,0,2,1,1,1,1,1
1301,10,0,1,1,1,0,-1,1,930,1,31,0,1,3,1,1,1,1,1
1303,10,0,1,3,3,0,-1,1,360,1,55,0,0,0,1,1,1,1,1
1304,10,0,1,1,1,1.5,-1,0,452,1,23,0,0,0,1,1,1,1,1
1305,10,0,1,0.5,1,0,-1,0,931,1,15,0,0,0,1,1,1,1,1
1306,3,0,1,0.5,0.5,0,-1,0,932,1,23,0,0,0,1,1,1,1,1
1307,8,0,1,1.25,2,0,-1,2,425,1,23,0,0,0,1,1,1,1,1
1308,4,1,0,4,0.75,0,-1,0,935,1,7,0,0,0,1,1,1,1,1
1309,5,1,0,2,0.5,0,-1,0,602,1,7,0,0,0,1,1,1,1,1
1310,10,-1.5,1,7,1,0,-1,7,921,3,23,0,1,0,1,1,1,1,1
1311,10,1,0,1,0,0,-1,1,360,1,23,0,0,0,1,1,1,1,1
1312,4,0,1,1,1,0,1,3,881,1,28,106,0,0,1,1,1,1,1
1313,2,0,1,2,2,0,-1,8,943,0.5,9,0,0,0,1,1,1,1,1
1315,4,0,1,2,5,2,-1,0,360,1,23,106,0,0,1,1,1,1,1
1316,30,1,0,3,0,3,-1,7,360,1,55,0,0,0,1,1,1,1,1
1317,30,0,1,3,0,3,-1,7,360,5,55,0,0,0,1,1,1,1,1
1318,10,0,1,0.5,0.5,0,-1,1,360,1,55,0,0,0,1,1,1,1,1
1319,30,1,0,2.22,0,2.22,-1,7,921,5,55,0,0,0,1,1,1,1,1
1320,10,0,1,2,0,2,-1,7,921,1,55,0,0,0,1,1,1,1,1
1321,10,1,0,13,0,0,-1,6,811,1,23,0,0,0,1,1,1,1,1
1322,20,0,1,1,1,0,-1,0,881,1,9,0,0,0,1,1,1,1,1
1323,10,1,0,1,0,0,-1,7,360,6,55,0,0,0,1,1,1,1,1
1324,10,1,0,7,0,0,-1,6,811,1,23,0,0,0,1,1,1,1,1
1325,10,0,1,1,1,0,-1,2,784,0.5,9,0,0,0,1,1,1,1,1
1326,1,0,0.9,0.15,0.3,0,-1,7,946,1,47,0,0,5,1,1,1,1,1
1327,8,0,1,0.15,0.3,0,-1,1,947,1,31,0,0,0,1,1,1,1,1
1328,8,1,0,4,1,0,-1,7,441,1,23,0,0,0,1,1,1,1,1
1329,8,0,1,3,1,3,-1,1,441,1,23,0,0,0,1,1,1,1,1
1330,8,1,0,1,1,0,-1,7,441,1,23,0,0,0,1,1,1,1,1
1331,8,0,1,1,1,0,-1,7,441,1,23,0,0,0,1,1,1,1,1
1332,10,0,1,5,0,0,-1,7,360,6,55,0,0,0,1,1,1,1,1
1333,20,1,0,1,1,1,-1,7,360,5,55,0,0,0,1,1,1,1,1
1334,20,1,0,1,1,1,-1,7,948,5,55,0,0,0,1,1,1,1,1
1335,20,1,0,1,1,1,39,0,948,2.5,55,0,0,0,1,1,1,1,1
1336,20,1,0,1,1,1,40,0,948,2.5,55,0,0,0,1,1,1,1,1
1337,20,1,0,1,1,1,41,0,948,2.5,55,0,0,0,1,1,1,1,1
1338,20,1,0,1,1,1,42,0,948,2.5,55,0,0,0,1,1,1,1,1
1339,20,1,0,1,1,1,43,0,948,2.5,55,0,0,0,1,1,1,1,1
1340,20,1,0,1,1,1,44,0,948,2.5,55,0,0,0,1,1,1,1,1
1341,20,1,0,1,1,1,45,0,948,2.5,55,0,0,0,1,1,1,1,1
1342,20,1,0,1,1,1,46,0,948,2.5,55,0,0,0,1,1,1,1,1
1343,20,1,0,1,1,1,39,0,360,2.5,55,0,0,0,1,1,1,1,1
1344,20,1,0,1,1,1,40,0,360,2.5,55,0,0,0,1,1,1,1,1
1345,20,1,0,1,1,1,41,0,360,2.5,55,0,0,0,1,1,1,1,1
1346,20,1,0,1,1,1,42,0,360,2.5,55,0,0,0,1,1,1,1,1
1347,20,1,0,1,1,1,43,0,360,2.5,55,0,0,0,1,1,1,1,1
1348,20,1,0,1,1,1,44,0,360,2.5,55,0,0,0,1,1,1,1,1
1349,20,1,0,1,1,1,45,0,360,2.5,55,0,0,0,1,1,1,1,1
1350,20,1,0,1,1,1,46,0,360,2.5,55,0,0,0,1,1,1,1,1
1351,10,0,1,4,0,20,-1,2,408,1,23,0,0,0,1,1,1,1,1
1352,30,1,0,1,0,1,-1,7,921,1,55,0,0,0,1,1,1,1,1
1353,10,0,1,1,0,1,-1,7,921,5,55,0,0,0,1,1,1,1,1
1354,30,1,0,1,0,1,-1,7,921,5,55,0,0,0,1,1,1,1,1
1355,10,0,1,1,0,1,-1,7,921,1,55,0,0,0,1,1,1,1,1
1356,10,1,0,2,0,2,-1,0,446,1,7,0,0,0,1,1,1,1,1
1357,10,0,1,2,1,0,-1,0,951,1,23,0,0,0,1,1,1,1,1
1358,10,0,1,5,1000,6,-1,0,408,1,23,0,0,0,1,1,1,1,1
1359,7,0,1,4,0,20,-1,2,952,1,23,0,0,1,1,1,1,1,1
1361,10,1,0,0,2,0,-1,0,811,1,23,0,0,0,1,1,1,1,1
1362,1,0,1,1,1,0,-1,0,953,2,47,0,0,0,1,1,1,1,1
1363,1,0,1,1,1,0,-1,0,954,2,47,0,0,0,1,1,1,1,1
1364,10,0,1,1,1,0,-1,1,955,1,62,0,20,0,1,1,1,1,1
1365,4,1,1,0,0.25,0.25,-1,0,951,1,23,106,0,0,1,1,1,1,1
1366,4,0,1,1,1,0,-1,0,951,1,23,0,0,0,1,1,1,1,1
1368,0,0,1,1,1,0,-1,0,764,1,31,0,10,0,1,1,1,1,1
1369,8,0,1,0.15,0.3,0,-1,0,957,1,31,0,0,0,1,1,1,1,1
1370,25,0,1,3,1,0,-1,7,921,3,23,0,0,0,1,1,1,1,1
1371,10,0,1,10,0,0,-1,0,957,2,55,0,0,0,1,1,1,1,1
1372,10,1,0,1,0,0,-1,6,811,1,23,0,0,0,1,1,1,1,1
1373,10,1,0.3,1,1,0,-1,6,811,1,23,0,0,0,1,1,1,1,1
1374,10,0,1,0.15,0.35,0,-1,0,960,1,15,0,0,0,1,1,1,1,1
1376,1,0,1,0.5,0.5,0,1,1,961,0.5,12,0,5,0,1,1,1,1,1
1377,1,0,1,0.5,0.5,0,1,1,962,0.5,12,0,5,0,1,1,1,1,1
1378,1,0,1,0.5,0.5,0,1,1,963,0.5,12,0,5,0,1,1,1,1,1
1379,1,0,1,0.5,0.5,0,2,1,964,0.5,12,0,5,0,1,1,1,1,1
1380,1,0,1,0.5,0.5,0,1,2,965,0.5,12,0,5,0,1,1,1,1,1
1381,10,0,0.45,1,1,0,-1,7,968,3,23,0,0,0,1,1,1,1,1
1382,1,0,1,0.5,0.5,0,1,1,971,0.5,4108,0,5,0.5,1,1,1,1,1
1383,10,0,1,1.5,2,10,-1,7,441,1.5,23,0,0,2,1,1,1,1,1
1384,2,1,0,0.65,0,0.65,-1,0,970,1,23,0,0,0,1,1,1,1,1
1385,1,0,1,0.5,0.5,0,1,1,971,0.5,4108,0,5,0,1,1,1,1,1
1386,1,0,1,0.5,0.5,0,1,1,972,0.5,4108,0,5,0,1,1,1,1,1
1387,1,0,1,0.5,0.5,0,1,2,973,0.5,4108,0,5,0,1,1,1,1,1
1388,1,0,1,0.5,0.5,0,1,1,974,0.5,4108,0,5,0,1,1,1,1,1
1389,1,0,1,0.5,0.5,0,1,1,975,0.5,4108,0,5,0,1,1,1,1,1
1390,10,0,0.9,1,1,0,-1,0,243,1,23,0,0,0,1,1,1,1,1
1391,10,0,0.45,1,1,0,-1,7,976,3,23,0,0,0,1,1,1,1,1
1392,10,0,0.45,1,1,0,-1,7,977,3,23,0,0,0,1,1,1,1,1
1393,10,0,0.45,1,1,0,-1,7,978,3,23,0,0,0,1,1,1,1,1
1394,10,0,1,9,1,0,-1,0,602,1,23,0,0,0,1,1,1,1,1
1395,0,0,1,1,1,1,-1,0,764,1,31,0,10,0,1,1,1,1,1
1396,10,-0.5,1,4,1,0,-1,8,921,3,23,0,1,0,1,1,1,1,1
1397,10,0,0,2,0,0,-1,0,811,1,23,0,0,0,1,1,1,1,1
1398,2,0,5,2,2,0,-1,0,798,1,9,0,0,1,1,1,1,1,1
1399,2,0,1,0.5,0.5,0,1,1,979,1,12,0,5,0,1,1,1,1,1
1400,2,0,1,0.5,0.5,0,1,1,980,1,12,0,5,0,1,1,1,1,1
1401,10,0,1,1,0,0,-1,7,990,6,23,0,0,0,1,1,1,1,1
1402,1,0,1,0.5,0.5,0,1,1,982,0.5,4108,0,5,0,1,1,1,1,1
1403,1,0,1,0.5,0.5,0,1,1,983,0.5,4108,0,5,0,1,1,1,1,1
1404,1,0,1,0.5,0.5,0,1,1,984,0.5,4108,0,5,0,1,1,1,1,1
1405,1,0,1,0.5,0.5,0,1,1,985,0.5,4108,0,5,0,1,1,1,1,1
1406,1,0,1,0.5,0.5,0,1,1,986,0.5,4108,0,5,0,1,1,1,1,1
1407,1,0,1,0.5,0.5,0,1,2,987,0.5,4108,0,5,0,1,1,1,1,1
1408,1,0,1,0.5,0.5,0,1,1,988,0.5,4108,0,5,0,1,1,1,1,1
1409,10,0,1,3,3,5,-1,0,989,1,23,0,0,0,1,1,1,1,1
1410,2,0,1,1,1,4,-1,0,897,1,23,16588,0,1,1,1,1,1,1
1411,2,0,1,1,1,4,-1,0,991,1,23,16588,0,1,1,1,1,1,1
1412,2,0,1,1,1,0,-1,0,992,1,21,16588,0,0,1,1,1,1,1
1413,2,0,1,1,1,0,-1,0,993,1,21,16588,0,0,1,1,1,1,1
1414,4,0,0.8,0.1,0.1,1,-1,2,0,1,23,0,0,0,1,1,1,1,1
1415,10,0,1,0,0.5,4,1,0,935,1,23,0,0,0,1,1,1,1,1
1416,10,1,0,1,0,0,-1,0,811,1,23,0,0,0,1,1,1,1,1
1417,10,1,0,0,1,0,-1,0,811,1,23,0,0,0,1,1,1,1,1
1418,2,1,0,1,0,0,-1,0,992,1,21,16588,0,0,1,1,1,1,1
1419,2,0,1,1,0,0,-1,0,992,1,21,16588,0,0,1,1,1,1,1
1420,2,0,1,1,0,0,-1,0,993,1,21,16588,0,0,1,1,1,1,1
1421,2,0,1,0,1,0,-1,0,993,1,21,16588,0,0,1,1,1,1,1
1422,1,0,1,1.5,0.25,5.5,-1,0,992,1,21,16588,0,0,1,1,1,1,1
1423,8,1,0,2.5,0,2,-1,1,426,1,278,0,0,0,1,1,1,1,1
1424,10,0.15,0.15,1,0,0,-1,0,647,1,7,0,0,0,1,1,1,1,1
1425,3,0,1,1,0,0,-1,0,951,4,23,0,0,0,1,1,1,1,1
1426,2,0,1,1,0,4,-1,0,897,1,23,16588,0,0,1,1,1,1,1
1427,20,0,0.5,1,1,0,-1,0,994,1,9,0,0,0,1,1,1,1,1
1428,10,1,0,1,1,1,-1,6,811,1,23,0,0,0,1,1,1,1,1
1429,10,1,0.1,0.9,0.5,2,-1,7,811,4,23,0,0,0,1,1,1,1,1
1430,10,1,0,2,0,0,-1,8,446,1,7,0,0,0,1,1,1,1,1
1431,10,1,0,0.9,0,0.9,-1,1,995,1,23,0,2,0,1,1,1,1,1
1432,10,0,1,0.5,1,0,-1,0,408,1,23,0,0,0,1,1,1,1,1
1433,0,0,1,1,1,0,-1,0,996,1,29,16588,0,5,1,1,1,1,1
1434,1,0,1,0.15,0.3,0,-1,8,997,1,47,0,0,1,1,1,1,1,1
1435,2,0,1,1,1,30,-1,0,897,1,23,16588,0,1,1,1,1,1,1
1436,2,0,1,1,1,5,-1,0,897,1,23,16588,0,1,1,1,1,1,1
1437,1,0,1,0,1,0,-1,7,811,3.5,31,0,0,0,1,1,1,1,1
1438,2,0,1,1,1,0.8,-1,6,1001,1,29,16588,0,0,1,1,1,1,1
1439,5,0,0.25,1,1,0,-1,0,897,1,23,16588,0,0.1,1,1,1,1,1
1440,20,0,1,1.75,1.25,0,-1,7,1002,5,55,0,0,0,1,1,1,1,1
1441,3,0,1,1,0,0,-1,0,951,4,23,0,0,0,1,1,1,1,1
1442,2,1,0,1,0,2,-1,0,897,1,23,16588,0,1,1,1,1,1,1
1443,2,1,0,1,0,0,-1,0,897,1,23,16588,0,1,1,1,1,1,1
1444,3,0,1,4.85,3,5,-1,0,970,1,23,0,0,0,1,1,1,1,1
1446,20,1,0,1,1,0,-1,7,360,2.5,55,0,0,0,1,1,1,1,1
1447,10,1,0,2,0,2,-1,7,968,3,23,0,0,0,1,1,1,1,1
1448,5,1,0,0.5,0,1.5,-1,0,1006,1,23,0,5,1,1,1,1,1,1
1449,5,1,0,0.5,0,1.5,-1,0,1006,1,23,0,2,0,1,1,1,1,1
1450,10,1,0,1,0,0,-1,0,811,1,23,0,0,0,1,1,1,1,1
1451,10,0,1,1,1,0,-1,0,931,1,15,0,0,0,1,1,1,1,1
1452,5,1,0,1,1,0,-1,7,419,1,55,0,0,0,1,1,1,1,1
1453,10,0,1,2.5,0.5,0,-1,0,951,1,23,0,0,0,1,1,1,1,1
1454,8,0,1,1.8,0.25,9,-1,0,417,1,23,0,0,0,1,1,1,1,1
1455,10,0,1,0,0.75,0.75,-1,0,426,1,7,0,0,0,1,1,1,1,1
1456,10,0,1,15,0,0,-1,0,360,6,55,0,0,0,1,1,1,1,1
1457,10,1,0,0.1,0,0.5,-1,0,426,1,7,0,0,0,1,1,1,1,1
1458,10,0,1,1,1,0,-1,7,968,3,23,0,0,0,1,1,1,1,1
1459,10,1,0,1,0,1,-1,0,951,1,23,0,0,0,1,1,1,1,1
1460,5,1,0,0.7,1,1.3,-1,1,603,5,22,0,0,3,1,1,1,1,1
1461,10,1,0,1,1,0,-1,7,968,3,23,0,0,0,1,1,1,1,1
1462,10,0,1,0.2,0.2,0.2,-1,7,968,3,23,0,5,0,1,1,1,1,1
1463,10,1,0,2,2,0,-1,6,811,1,23,0,0,0,1,1,1,1,1
1464,5,0,1,1,1,0,19,7,1013,4,47,0,0,0,1,1,1,1,1
1465,0.5,1,0,1,0,15,-1,1,348,1,23,0,0,0,1,1,1,1,1
1466,10,1,0,2,1,18,-1,0,951,1,23,0,0,0,1,1,1,1,1
1467,8,0,1,0.5,0.5,0,1,1,418,1,23,0,0,0,1,1,1,1,1
1468,2,0,1,0.5,0.5,0,1,1,1015,1,12,0,5,0,1,1,1,1,1
1469,8,0.25,0.25,0,0,0,-1,0,970,1,23,0,0,0,1,1,1,1,1
1470,10,0,1,2,1,0,-1,0,1016,1,23,0,0,0,1,1,1,1,1
1471,2,0,1,0.5,0.5,0,1,1,1017,1,12,0,5,0,1,1,1,1,1
1472,10,1,0,0,0.75,0,-1,0,811,0.5,23,0,0,0,1,1,1,1,1
1473,10,-0.5,1,3,1,0,-1,7,548,3,23,0,1,0,1,1,1,1,1
1474,2,0,1,0.5,0.5,0,1,1,1022,1,12,0,5,0,1,1,1,1,1
1475,10,1,0,5,0,0,-1,8,968,3,23,0,0,0,1,1,1,1,1
1476,2,0,1,0.5,0.5,0,1,2,1015,1,12,0,5,0,1,1,1,1,1
1477,20,1,0,1,1,0,-1,7,948,5,55,0,0,0,1,1,1,1,1
1478,20,0,1,1,1,3,-1,7,948,3,55,0,0,0,1,1,1,1,1
1479,2.5,0,1,1,1,4,-1,0,1038,1,23,16588,0,1,1,1,1,1,1
1480,2.5,0,1,1,0,0,-1,0,1023,1,23,16588,0,1,1,1,1,1,1
1481,2.5,0,1,0,1,1,-1,0,1023,1,23,16588,0,1,1,1,1,1,1
1482,1,1,0,0.2,0.2,2.5,-1,2,602,1,23,0,0,5,1,1,1,1,1
1483,5,0,1,1,1.5,0,-1,0,1006,1,23,0,2,0,1,1,1,1,1
1484,5,1,0,0.5,0,1.5,-1,0,897,1,23,0,2,0,1,1,1,1,1
1485,5,0,1,1,1.5,0,-1,0,897,1,23,0,2,0,1,1,1,1,1
1486,5,0,1,0,1.5,0,-1,0,1038,1,23,16588,2,0,1,1,1,1,1
1487,5,1,0,0.5,0,1.5,-1,0,1038,1,23,16588,2,0,1,1,1,1,1
1488,5,0,1,1,1.5,0,-1,0,992,1,23,0,2,0,1,1,1,1,1
1489,5,1,0,0.5,0,1.5,-1,0,992,1,23,0,2,0,1,1,1,1,1
1490,10,0,1,1,1,2,-1,0,1029,5,23,0,0,0,1,1,1,1,1
1491,10,1,0,1,0,3,-1,0,1028,1,7,0,0,0,1,1,1,1,1
1492,10,-0.5,1,0.25,0.1,2,-1,7,919,3,23,0,1,0,1,1,1,1,1
1493,0.5,1,0,0,1,15,-1,1,348,1,23,0,0,0,1,1,1,1,1
1494,10,1,0,0.5,0,1.5,-1,0,919,1,23,0,2,0,1,1,1,1,1
1495,1,0,1,0.5,0.5,0,1,1,1030,0.5,12,0,5,0,1,1,1,1,1
1496,8,0.5,1,0.1,0.3,0.2,19,1,414,1,23,0,0,0,1,1,1,1,1
1497,10,-0.1,1,2,0,2,-1,0,243,1,23,0,0,0,1,1,1,1,1
1498,10,1,0,1,0,1,1,1,1031,3,23,18194,0,0,1,1,1,1,1
1499,10,1,0,1,0,1,1,1,1032,1,23,0,0,0,1,1,1,1,1
1500,1,0,1,0.5,0.5,0,1,1,1033,0.5,12,0,5,0,1,1,1,1,1
1501,10,-0.1,1,2.5,0,2,-1,0,414,1,23,0,0,0,1,1,1,1,1
1502,0,0,1,0,0.5,0.5,-1,0,764,1,31,0,10,0,1,1,1,1,1
1503,2,0,1,2,5,0,-1,0,992,1,21,16588,0,0,1,1,1,1,1
1504,10,1,0,1,0,1,19,1,1031,3,23,18194,0,0,1,1,1,1,1
1505,10,0,1,1,0,3,-1,1,1031,3,23,0,0,0,1,1,1,1,1
1506,10,0,1,3.25,1,5,-1,0,1035,3,23,0,0,0,1,1,1,1,1
1507,6,1,0,0.4,0.5,1.75,19,1,229,1,23,0,0,0,1,1,1,1,1
1508,10,1,0,1.75,0,0,-1,6,811,1,23,0,0,0,1,1,1,1,1
1509,10,0,1,0,1,1,-1,8,479,1,23,0,1,0,1,1,1,1,1
1510,10,0,1,1,1,1,-1,8,479,1,23,0,1,0,1,1,1,1,1
1511,10,0,1,2,2,2,-1,0,989,1,23,0,0,0,1,1,1,1,1
1512,8,1,0,2,0,0,-1,1,426,1,22,0,0,0,1,1,1,1,1
1513,1,0,1,0.5,0.5,0,1,1,1039,0.5,12,0,5,0,1,1,1,1,1
1514,1,0,1,0.5,0.5,0,1,1,1040,0.5,12,0,5,0,1,1,1,1,1
1515,6,1,0,0.4,0.5,1.75,19,1,229,1,23,0,0,0,1,1,1,1,1
1516,1,0,1,0.1,0.3,0.5,-1,7,549,20,4111,0,0,0,1,1,1,1,1
1517,2.5,0,1,0,0.25,0,-1,8,1023,1,23,16588,0,1,1,1,1,1,1
1518,10,1,0,3,3,0,-1,7,968,3,23,0,0,0,1,1,1,1,1
1519,5,0,1,0.7,1,0,-1,0,1042,0.57,23,0,2,0,1,1,1,1,1
1520,5,1,0,0.5,0,1.5,-1,0,1042,0.57,23,0,2,0,1,1,1,1,1
1521,2,1,0,1,0,0,-1,0,992,1,4117,16588,0,0,1,1,1,1,1
1522,2,0,1,1,1.5,0,-1,0,970,1,23,0,0,0,1,1,1,1,1
1523,10,0,1,1,1,1,-1,1,1053,1,23,0,0,0,1,1,1,1,1
1524,10,1,0,2,2,2,-1,1,1053,1,23,0,0,0,1,1,1,1,1
1525,10,0,0.75,1.75,1,1.75,-1,0,919,1,23,0,0,0,1,1,1,1,1
1526,20,1,0.1,1.75,1.25,0,-1,7,1047,5,55,0,0,0,1,1,1,1,1
1527,2.5,0,1,2.5,0,0,-1,1,1023,1,23,16588,0,1,1,1,1,1,1
1528,10,1,1,0,30,0,-1,7,773,1,7,19047,0,0,1,1,1,1,1
1529,10,1,1,0,30,0,-1,7,774,1,7,19047,0,0,1,1,1,1,1
1530,10,0,1,10,1,0,-1,6,408,0.5,23,0,0,0,1,1,1,1,1
1531,1,0,1,0.5,0.5,0,1,1,1032,0.5,12,0,5,0,1,1,1,1,1
1532,10,0,1,4,1,0,-1,0,951,1,23,0,0,0,1,1,1,1,1
1533,5,0,1,0.25,1.5,0,-1,0,1006,1,23,0,2,0,1,1,1,1,1
1534,20,1,0,8,0,10,52,0,0,1,23,0,0,0,1,1,1,1,1
1535,10,1,0,0.9,0,0.9,-1,1,1033,1,23,0,2,0,1,1,1,1,1
1536,10,0,1,0.4,0.2,0,-1,2,979,1,23,0,0,0,1,1,1,1,1
1537,10,0,1,0.5,0.5,1,-1,8,479,1,23,0,1,0,1,1,1,1,1
1538,5,1,0,0.5,0.5,0,-1,0,992,1,23,0,1,0,1,1,1,1,1
1539,10,1,0,1,0,0,-1,0,1016,1,23,0,0,0,1,1,1,1,1
1540,10,1,0,3.25,1,5,-1,0,1035,3,23,0,0,0,1,1,1,1,1
1542,2,0,1,1,1,0,-1,0,1050,3,31,0,1,0,1,1,1,1,1
1543,5,1,0,1,0,2,-1,0,1006,1,23,0,2,0,1,1,1,1,1
1544,5,0,1,1,1.5,2,-1,0,1006,1,23,0,2,0,1,1,1,1,1
1545,5,1,0,0.5,0.5,0,-1,0,1038,1,23,16588,2,0,1,1,1,1,1
1546,0,0,1,0.2,0.2,0,-1,0,1023,1,31,16588,0,1,1,1,1,1,1
1547,10,0,1,0.5,0.5,1,-1,0,951,1,23,0,0,0,1,1,1,1,1
1548,3,0,1,1,0,0,-1,0,805,2,21,0,0,0,1,1,1,1,1
1549,2,0,1,0.5,0.5,1.2,-1,0,897,1,23,16588,0,1,1,1,1,1,1
1550,2,1,0,0,1,0,-1,0,992,1,21,16588,0,0,1,1,1,1,1
1551,2,1,0,2,0,0,-1,8,992,1,21,16588,0,0,1,1,1,1,1
1552,2.5,0,1,0.5,0.5,0.4,-1,0,1023,1,4119,16588,0,1,1,1,1,1,1
1553,10,1,0,1,0,1,-1,0,951,1,23,0,0,0,1,1,1,1,1
1554,10,1,0,2,0,2,-1,0,951,1,23,0,0,0,1,1,1,1,1
1555,10,1,0,1.5,0,2,-1,0,951,1,23,0,0,0,1,1,1,1,1
1556,10,1,0,0.75,0.75,0,-1,7,1053,1,23,0,0,0,1,1,1,1,1
1557,10,0,1,1,1,1,-1,7,1054,1,7,0,0,0,1,1,1,1,1
1558,10,0,0.99,1,1,0,-1,7,968,3,23,0,0,0,1,1,1,1,1
1559,6,0,1,2,0,3,19,6,993,1,21,0,0,0,1,1,1,1,1
1560,6,0,1,0.5,0.5,1.5,-1,6,993,1,21,0,0,0,1,1,1,1,1
1561,10,0,1,1,1,2,-1,0,811,1,23,0,0,0,1,1,1,1,1
1562,6,0,1,3,0,3,-1,2,993,1,21,0,1,0,1,1,1,1,1
1563,6,0,1,0.4,0,0.4,-1,2,993,1,21,0,0,0,1,1,1,1,1
1564,2,1,0,3,0,0,-1,0,992,1,21,16588,0,0,1,1,1,1,1
1565,5,0,1,0,0.5,0,-1,0,867,1,23,0,0,0,1,1,1,1,1
1566,2.5,0,1,1,0,0,-1,0,1023,1,23,13221,0,1,1,1,1,1,1
1567,10,1,0,4,4,0,-1,6,811,1,23,0,0,0,1,1,1,1,1
1568,1,0,1,1,0,1,-1,0,1055,1,23,0,0,0,1,1,1,1,1
1569,2.5,1,0,20,0,0,-1,0,1023,1,23,16588,0,1,1,1,1,1,1
1570,10,0,1,0.25,0,0,-1,0,811,1,23,0,0,0,1,1,1,1,1
1571,10,0,1,0.25,0.2,0,-1,8,968,3,23,0,5,0,1,1,1,1,1
1572,10,0,1,0,1,0,-1,8,968,3,23,0,5,0,1,1,1,1,1
1573,10,0,1,3.5,1,0,-1,0,416,1,23,0,0,0,1,1,1,1,1
1574,10,0,1,4,8,0,-1,0,416,1,23,0,0,0,1,1,1,1,1
1575,5,0,1,0.5,0.5,0.5,-1,0,1006,1,23,0,2,0,1,1,1,1,1
1576,10,1,0,2,0,2,-1,0,417,1,7,0,0,0,1,1,1,1,1
1577,10,1,0,2.25,0,0,-1,6,811,1,23,0,0,0,1,1,1,1,1
1578,6,1,0,0.4,0,1,-1,2,993,1,21,0,1,0,1,1,1,1,1
1579,2,0,1,1,1,0,-1,7,1056,0,43,16588,20,0,1,1,1,1,1
1580,4,1,0,1,1,0,-1,7,798,5,55,0,0,0,1,1,1,1,1
1581,10,1,0,4,0,4,-1,1,1053,1,23,0,0,0,1,1,1,1,1
1582,10,0.4,0.4,0,0,0,-1,3,1057,1,23,0,2,0,1,1,1,1,1
1583,8,0,1,1,1,0,32,1,427,1,23,0,0,0,1,1,1,1,1
1584,8,0,1,1,1,0,32,1,416,1,23,0,0,0,1,1,1,1,1
1585,8,0,1,1,1,0,32,1,416,1,23,0,0,0,1,1,1,1,1
1586,8,0,1,1,1,0,32,1,433,1,23,0,0,0,1,1,1,1,1
1587,8,0,1,1,1,0,32,1,450,1,23,0,0,0,1,1,1,1,1
1588,8,0,1,1,1,0,32,1,425,1,23,0,0,0,1,1,1,1,1
1589,5,1,0,0.7,1,1,-1,1,603,5,22,0,0,3,1,1,1,1,1
1590,4,1,1,0,0.25,0.25,-1,0,811,1,23,106,0,0,1,1,1,1,1
1591,10,0,1,2,0.2,0,-1,8,968,3,23,0,5,0,1,1,1,1,1
1592,5,1,0,1,0,1.5,-1,0,1058,1,23,0,2,0,1,1,1,1,1
1593,10,0,1,1,1,0,-1,0,1059,1,10,0,0,0,1,1,1,1,1
1594,4,0.6,0,0.4,0.4,0,-1,7,798,5,55,0,0,0,1,1,1,1,1
1595,4,1,0,0.5,0.5,0,-1,7,867,2,39,0,0,0,1,1,1,1,1
1596,2,1,0,1,0,10,-1,0,992,1,21,16588,0,0,1,1,1,1,1
1597,5,0,1,9,1,0,-1,0,897,1,23,0,0,0,1,1,1,1,1
1598,10,0,1,0,0.5,2.5,1,0,935,1,23,0,0,0,1,1,1,1,1
1599,2,0,1,1,1,4,-1,0,1062,1,23,16588,0,1,1,1,1,1,1
1602,5,0,1,10,0.5,0,-1,0,1038,0.5,23,16588,2,0,1,1,1,1,1
1603,10,0,1,0,1,1,-1,7,1054,1,7,0,0,0,1,1,1,1,1
1604,2.5,0,1,0.1,0.1,1,-1,0,1023,1,23,13221,0,1,1,1,1,1,1
1605,10,0,1,0.85,0.25,1,-1,0,951,1,23,0,0,0,1,1,1,1,1
1606,2,1,0,0.33,0,10,-1,0,992,1,21,16588,0,0,1,1,1,1,1
1607,2,1,0,1,0.5,0,-1,0,1062,1,23,16588,0,1,1,1,1,1,1
1608,2,1,0,0,1,0,19,0,1062,1,23,16588,10,1,1,1,1,1,1
1609,10,0,1,1,1,0,-1,0,472,1,535,0,20,0,1,1,1,1,1
1610,4,1,0,1,1,0,-1,1,867,1,20,0,0,0,1,1,1,1,1
1611,5,0,1,1,1,0,-1,0,1042,1,23,0,2,0,1,1,1,1,1
1612,5,1,0,0.8,0,1.5,-1,0,1042,1,23,0,2,0,1,1,1,1,1
1613,5,0,1,0.7,1,0,-1,0,1042,0.57,535,0,20,0,1,1,1,1,1
1614,2,1,0,0.5,0.5,3,-1,0,992,1,21,16588,0,0,1,1,1,1,1
1616,5,1,0,2,0,0,-1,6,1042,1,535,0,20,0,1,1,1,1,1
1617,2,0,1,0.5,1,0,19,0,1062,1,23,16588,10,1,1,1,1,1,1
1618,10,1,0,0.05,0.5,0.1,-1,7,424,1,39,0,0,0,1,1,1,1,1
1619,10,1,0,0.15,0.15,0.5,-1,7,424,1,55,0,0,0,1,1,1,1,1
1620,10,0,1,0.5,1,0,-1,7,1084,1,55,0,0,0,1,1,1,1,1
1621,10,0,1,5,3,0,-1,7,968,3,23,0,0,0,1,1,1,1,1
1622,10,1,0,2,0.5,4.5,-1,7,968,3,23,0,0,0,1,1,1,1,1
1623,10,1,0,2,2,15,-1,7,968,3,23,0,0,0,1,1,1,1,1
1624,10,0,1,1,1,0,-1,0,1062,1,23,16588,10,1,1,1,1,1,1
1625,5,0,1,0.7,0,1,19,4,897,0.3,117,0,2,0,1,1,1,1,1
1626,2,0,1,0.5,0.25,1,-1,0,1062,1,23,16588,10,1,1,1,1,1,1
1627,2,0,1,0.25,0.25,2,-1,0,1062,1,23,16588,10,1,1,1,1,1,1
1628,2,0,1,0.25,0.25,3,-1,0,1062,1,23,16588,10,1,1,1,1,1,1
1629,2,1,0,0.5,1,0,19,0,1062,1,23,16588,10,1,1,1,1,1,1
1630,8,0,1,1,1,1,-1,1,1050,1,22,0,0,0,1,1,1,1,1
1631,8,0,0,1,1,2,-1,1,1064,1,22,0,0,0,1,1,1,1,1
1632,2,1,0,0.5,1,0,19,0,1062,1,23,16588,10,1,1,1,1,1,1
1633,10,1,0,1,1,0,-1,0,472,1,23,0,0,0,1,1,1,1,1
1634,10,1,0,0.2,0.2,0.45,-1,7,1084,1,55,0,0,0,1,1,1,1,1
1635,2,0,1,0.15,0.25,0.95,-1,0,1062,1,23,16588,10,1,1,1,1,1,1
1636,2,0,1,0.1,0.1,3,-1,0,1062,1,23,16588,10,1,1,1,1,1,1
1637,10,0,0.4,0.2,0.2,0.8,-1,7,1054,1,7,0,0,0,1,1,1,1,1
1638,2,1,0,0,0.5,0,19,0,1062,1,23,16588,10,1,1,1,1,1,1
1639,10,1,0,0.5,0.5,0,-1,7,811,2,55,0,1,0,1,1,1,1,1
1640,2,1,0,0.5,0.5,0,-1,7,992,1,55,16588,0,0,1,1,1,1,1
1641,5,0,1,0.5,0.5,0,-1,7,1038,1,23,16588,2,0,1,1,1,1,1
1643,2.5,1,0,0.5,1,0,-1,0,811,1,23,16588,0,1,1,1,1,1,1
1644,5,1,0,0.5,0,0,-1,0,1023,1,23,24282,2,0,1,1,1,1,1
1645,7,0,1,1,1,0,-1,0,1065,1,23,24282,2,0,1,1,1,1,1
1646,2,0,1,0.05,0.25,0.15,-1,0,1062,1,23,16588,10,1,1,1,1,1,1
1647,10,0,1,0.5,1,0,-1,0,1068,1,15,0,0,0,1,1,1,1,1
1648,10,0,1,0.5,1,0,2,3,1069,1,15,0,0,0,1,1,1,1,1
1649,2,0,1,1,1,0,-1,7,1072,0,47,16588,20,0,1,1,1,1,1
1650,10,0,1,3,0.5,2,-1,0,1023,1,23,0,0,0,1,1,1,1,1
1651,1,0,1,0,0,0,-1,7,1074,1,13,0,0,1,1,1,1,1,1
1656,10,0,1,5,5,0,-1,7,968,3,23,0,0,0,1,1,1,1,1
1660,10,1,0,1,0,1,-1,0,979,1,23,0,0,0,1,1,1,1,1
1661,10,1,0.5,0,0.5,1.5,-1,0,643,1,7,0,0,0,1,1,1,1,1
1662,1,0,1,7,0,7,-1,0,243,1,23,0,0,0,1,1,1,1,1
1663,10,1,0,0.15,0.15,0.5,-1,7,424,1,55,0,0,0,1,1,1,1,1
1664,10,1,0,0.15,0.15,0.5,-1,7,1084,1,55,0,0,0,1,1,1,1,1
1665,10,1,0,0,0.75,0.25,-1,7,968,2,55,0,0,0,1,1,1,1,1
1666,10,0,1,0,0.5,0.5,-1,7,968,2,55,0,0,0,1,1,1,1,1
1668,10,1,0,0.15,0.15,0.5,-1,7,424,1,55,0,0,0,1,1,1,1,1
1669,10,0,1,4,0.25,5,-1,1,1089,1,63,0,0,0,1,1,1,1,1
1670,2.5,0,1,0.2,1,1,-1,0,1023,1,23,16588,0,1,1,1,1,1,1
1671,10,0.35,0.35,0.8,0.8,0,-1,3,993,1,23,0,2,0,1,1,1,1,1
1672,10,0.6,0.6,0,0,0,-1,3,520,1,23,0,2,0,1,1,1,1,1
1673,2,1,0,1,1,0,-1,5,1023,1,23,16588,0,2.5,1,1,1,1,1
1674,2,0,1,1,1,0,-1,5,1023,1,23,13221,0,1,1,1,1,1,1
1675,10,0,1,0.15,1,0,-1,7,424,1,55,0,0,0,1,1,1,1,1
1676,10,1,0,0.2,0.2,0.4,-1,7,1084,1,55,0,0,0,1,1,1,1,1
1677,10,1,0,0.5,0.5,3,-1,7,1084,1,55,0,0,0,1,1,1,1,1
1678,10,1,0,1,0.5,1.75,-1,7,1084,1,55,0,0,0,1,1,1,1,1
1679,10,1,0,0.1,0.3,0.35,-1,7,1084,1,55,0,0,0,1,1,1,1,1
1680,10,1,0,1.5,0.5,0,-1,7,1084,1,55,0,0,0,1,1,1,1,1
1681,2,0,1,0.15,0.5,0.15,-1,0,1062,1,23,16588,10,1,1,1,1,1,1
1682,10,1,0,0.1,0.3,0.45,-1,7,1084,1,55,0,0,0,1,1,1,1,1
1683,10,1,0,0.1,0.3,0.4,-1,7,1084,1,55,0,0,0,1,1,1,1,1
1684,10,0,1,1.5,99,0,-1,1,1053,1,23,0,0,0,1,1,1,1,1
1685,10,1,0,1,0.5,0,-1,1,1053,1,23,0,0,0,1,1,1,1,1
1686,4,1,0,0.3,0.3,0,-1,5,1062,1,23,0,0,0,1,1,1,1,1
1687,10,0,1,2.5,2.5,3,-1,1,1053,1,23,0,10,0,1,1,1,1,1
1689,10,0,1,4.14,0,4.14,-1,1,1089,1,63,0,0,0,1,1,1,1,1
1692,10,0,1,0.15,0.25,2,-1,7,424,1,55,0,0,0,1,1,1,1,1
1693,9,0,1,0.6,100,0.7,-1,4,1062,1,22,16588,10,1,1,1,1,1,1
1694,2,0,1,2,0,0,-1,0,1062,1,23,16588,10,1,1,1,1,1,1
1695,10,0,1,0.5,3,0.5,-1,7,968,3,23,0,0,0,1,1,1,1,1
1696,10,1,0,0.25,0.1,1,-1,7,1084,1,55,0,0,0,1,1,1,1,1
1697,8,1,0,0.75,0,0,22,1,422,1.25,22,0,0,0,1,1,1,1,1
1698,10,0,1,5,1,0,-1,1,1089,1,63,0,0,0,1,1,1,1,1
1699,10,0,1,0.5,1,2,-1,7,1084,1,55,0,0,0,1,1,1,1,1
1700,2,0,1,1.5,1.5,100,-1,0,1062,1,23,16588,0,1,1,1,1,1,1
1701,10,0,1,2,1,5,-1,7,968,3,23,0,0,0,1,1,1,1,1
1702,2,0,1,0.5,0.5,0,1,1,1095,1,12,0,5,0,1,1,1,1,1
1703,2,0,1,0.5,0.5,0,1,1,1096,1,12,0,5,0,1,1,1,1,1
1704,2,0,1,0.5,0.5,0,1,1,1097,1,12,0,5,0,1,1,1,1,1
1705,2,0,1,0.5,0.5,0,1,2,1095,1,12,0,5,0,1,1,1,1,1
1706,10,0,1,2,1,2,-1,0,811,1,23,0,0,0,1,1,1,1,1
1707,4,1,1,0,0.25,0.25,-1,0,1001,1,23,106,0,0,1,1,1,1,1
1708,10,0,1,0.4,0,0,-1,0,360,6,55,0,0,0,1,1,1,1,1
1709,6,1,0,1.5,0,1.5,-1,0,1100,1,23,0,0,0,1,1,1,1,1
1710,10,0,1,3,1,0,-1,1,1089,1,63,0,10,0,1,1,1,1,1
1711,7,0,1,1,1,0,-1,5,1101,1,23,24282,2,0,1,1,1,1,1
1712,7,1,0,0.5,0,1.5,-1,5,1101,1,23,24282,2,0,1,1,1,1,1
1713,6,1,0,1.5,0,1.5,-1,0,417,1,23,0,0,0,1,1,1,1,1
1714,6,1,0,1.5,0,1.5,-1,0,1016,1,23,0,0,0,1,1,1,1,1
1715,5,0,1,0.7,1,0,-1,0,1102,0.57,23,0,2,0,1,1,1,1,1
1716,10,1,0,0.15,0.3,0.395,-1,7,1084,1,55,0,0,0,1,1,1,1,1
1717,10,0,1,5,0,10,-1,7,423,3,23,0,0,0,1,1,1,1,1
1718,2,1,0,1,0,0,-1,0,1062,1,23,16588,0,1,1,1,1,1,1
1719,10,1,0,2,0,2,-1,0,1054,1,23,0,0,1,1,1,1,1,1
1720,10,0,1,1.5,0,1.5,-1,0,1054,1,23,0,0,1,1,1,1,1,1
1721,2.5,0,1,0.5,0.1,0.7,-1,0,1023,1,4119,16588,6,1,1,1,1,1,1
1722,10,1,0,2,0,2,-1,0,811,1,23,0,0,0,1,1,1,1,1
1723,10,0,1,0,0.5,0.4,-1,7,968,3,55,0,0,0,1,1,1,1,1
1724,4,1,0,1,1,0,-1,0,1103,1,7,27319,20,0,1,1,1,1,1
1725,10,1,0,0.15,0.15,0.5,-1,7,1084,1,55,0,0,0,1,1,1,1,1
1726,10,0,1,2,2,0,-1,7,968,3,23,0,0,0,1,1,1,1,1
1727,10,1,0,2,0,3,-1,1,1053,1,23,0,0,0,1,1,1,1,1
1728,10,0,1,1,1,1,-1,0,472,1,23,0,0,0,1,1,1,1,1
1729,10,0,1,0.5,0.5,0.5,-1,7,422,1,55,0,0,0,1,1,1,1,1
1730,10,0,1,2,2,0,-1,7,968,3,23,0,0,0,1,1,1,1,1
1731,10,0,1,2,0,0,-1,1,1053,1,23,0,0,0,1,1,1,1,1
1732,7,1,0,1,1,0,-1,5,1101,1,23,24282,2,0,1,1,1,1,1
1733,6,1,0,1.8,0,0,-1,0,1104,1,23,0,0,0,1,1,1,1,1
1735,10,0,1,1.5,10,0,-1,1,1053,1,23,0,0,0,1,1,1,1,1
1736,10,0,1,1.5,0.5,0,-1,1,1089,1,63,0,2,0,1,1,1,1,1
1737,10,0,1,0,0,0,-1,1,1089,1,63,0,2,0,1,1,1,1,1
1738,10,1,0,1,0,0,-1,7,968,3,23,0,5,0,1,1,1,1,1
1739,10,1,0,3,0,3,-1,0,422,1,23,0,0,0,1,1,1,1,1
1740,10,0,1,1,0.5,0,-1,7,968,3,23,0,0,0,1,1,1,1,1
1741,10,1,0,3,0,3,-1,0,861,1,23,0,0,0,1,1,1,1,1
1742,10,1,0,2,0.15,5.07,-1,7,1084,1,55,0,0,0,1,1,1,1,1
1743,10,1,0,0.4,0.1,1.5,-1,7,1084,1,55,0,0,0,1,1,1,1,1
1744,10,0,1,0,0,1.5,-1,1,1089,1,63,0,2,0,1,1,1,1,1
1745,10,0,1,0,0,5,-1,1,1089,1,63,0,2,0,1,1,1,1,1
1746,5,0,1,1,1.5,0,-1,0,1114,1,23,0,2,0,1,1,1,1,1
1747,10,0,1,0,0,0,-1,1,1089,1,63,0,2,0,1,1,1,1,1
1748,10,0,1,0,0,0,-1,1,1089,1,63,0,2,0,1,1,1,1,1
1749,10,0,1,1.75,0.25,2,-1,0,472,1,23,0,0,0,1,1,1,1,1
1750,10,0,1,0.5,0.5,1.5,-1,0,1062,1,23,0,0,0,1,1,1,1,1
1751,10,0,1,5,0,10,-1,7,423,3,23,0,0,0,1,1,1,1,1
1752,10,1,0,2,0,0,-1,7,423,3,23,0,0,0,1,1,1,1,1
1753,10,0,1,0,0.25,0.2,-1,7,1084,1,55,0,0,0,1,1,1,1,1
1754,7,1,0,1,0,1.5,-1,5,1101,1,23,24282,2,0,1,1,1,1,1
1755,7,1,0,1.5,0,1.5,-1,5,1101,1,23,24282,2,0,1,1,1,1,1
1756,10,0,1,0,0,0,-1,1,1089,1,63,0,2,0,1,1,1,1,1
1758,7,1,0,5,0,5,-1,5,1101,1,23,24282,2,0,1,1,1,1,1
1759,2.5,0,1,1,0,1,19,7,1023,1,23,0,0,1,1,1,1,1,1
1760,2.5,1,0,1,0,1,-1,7,1023,1,7,0,0,1,1,1,1,1,1
1761,2.5,1,0,1.1,0,1.1,-1,7,1023,1,23,0,0,1,1,1,1,1,1
1762,7,0,1,0.5,0,0,-1,5,1101,1,23,24282,2,0,1,1,1,1,1
1763,10,0,1,2.5,1,2,-1,0,1029,5,23,0,0,0,1,1,1,1,1
1765,7,1,0,30,0,30,-1,5,1101,1,23,24282,2,0,1,1,1,1,1
1766,4,0,1,3,2,0,-1,0,329,1,23,0,0,0,1,1,1,1,1
1767,4,0,1,2,2,0,-1,0,919,1,23,0,0,0,1,1,1,1,1
1768,4,0,1,1,1,1,-1,0,602,1,23,106,0,0,1,1,1,1,1
1769,10,0,1,0.5,0,6,-1,0,386,1,23,0,0,0,1,1,1,1,1
1770,10,1,0,0.5,0,1,-1,0,386,1,0,0,0,0,1,1,1,1,1
1771,7,1,0,0.75,2,0,-1,0,1101,100,23,24282,2,0,1,1,1,1,1
1772,7,0,1,1,1,0,-1,3,1065,1,23,24282,2,0,1,1,1,1,1
1773,5,0,1,4,0,0,-1,0,897,1,23,0,2,0,1,1,1,1,1
1774,10,0,1,0,1.5,0.5,-1,0,243,1,23,0,0,0,1,1,1,1,1
1775,2,1,0,1,1,1,-1,0,919,1,9,0,0,0,1,1,1,1,1
1776,10,0,1,1.5,0,1.5,-1,0,773,1,22,0,0,0,1,1,1,1,1
1777,8,1,0,2,0,0,-1,1,426,1,22,0,0,0,1,1,1,1,1
1778,10,1,0,1.75,1,0,-1,0,1101,1,23,0,0,0,1,1,1,1,1
1780,7,0,1,2,2,0,-1,5,1101,1,23,24282,2,0,1,1,1,1,1
1781,2.5,0,1,1,0,1,-1,7,1023,3,55,0,0,1,1,1,1,1,1
1782,10,0,1,999,1,0,-1,0,1029,5,23,0,0,0,1,1,1,1,1
1783,10,0,1,10,5,0,-1,0,1069,1,21,0,1,0,0.023529414,0,0.4901961,1,5
1784,7,0,1,4,4,0,-1,5,1101,1,23,24282,2,0,1,1,1,1,1
1785,7,0,1,1,1,1,-1,5,1101,1,23,24282,2,0,1,1,1,1,1
1786,2,0,1,0.5,0.5,0,1,1,1131,1,8204,0,5,0.7,1,1,1,1,0.6
1787,7,0,1,1,0.5,0.5,-1,5,1101,1,23,24282,2,0,1,1,1,1,1
1788,2,0,1,0.5,0.5,0,1,1,1132,1,8204,0,5,0.7,0.95294124,0.95294124,0.95294124,1,0.6
1791,7,0,1,1,1,0,-1,5,1101,1,23,24282,2,0,1,1,1,1,1
1793,2.5,0,1,2.5,1.25,3,-1,7,1023,1,55,31981,10,1,1,1,1,1,1
1794,10,1,0,3,0,0,-1,1,1053,1,23,0,0,0,1,1,1,1,1
1796,10,0,1,0.5,0.5,1.3,-1,7,968,3,23,0,5,0,1,1,1,1,1
1797,7,1,0,4,0,4,-1,5,1101,1,23,24282,2,0,1,1,1,1,1
1798,2.5,0,1,0,0.4,0.4,-1,0,1023,1,23,16588,0,1,1,1,1,1,1
1799,1,0,1,0.5,0.5,0,1,1,1136,0.5,12,0,5,0,1,1,1,1,1
1800,7,0,1,4,4,0,-1,0,1065,1,23,24282,2,0,1,1,1,1,1
1801,1,0,1,0.5,0.5,0,1,1,1137,0.5,12,0,5,0,1,1,1,1,1
1802,7,1,0,1,0,1,-1,5,1101,1,23,24282,2,0,1,1,1,1,1
1803,7,1,0,4,0,4,-1,7,1101,1,23,24282,2,0,1,1,1,1,1
1807,2,1,0,1.3,0,0,-1,0,472,1,7,0,0,0,1,1,1,1,1
1808,5,2,0,1,0,0,-1,0,1145,1,23,24282,2,0,1,1,1,1,1
1809,10,1,0,1,0,0,-1,0,861,1,23,0,0,0,0.36862746,0.87843144,1,1,1
1810,10,0,1,0.5,3,0.5,-1,7,1101,3,23,0,0,0,1,1,1,1,1
1812,2,1,0,2,0,2,-1,0,970,1,23,0,0,0,1,1,1,1,1
1814,7,0,1,0.5,0.5,2,-1,5,1101,1,23,24282,2,0,1,1,1,1,1
1815,7,1,0,2,0,2.5,-1,5,1101,1,23,24282,2,0,1,1,1,1,1
1816,10,0,1,3.25,1,0,-1,0,1035,3,23,0,0,0,1,1,1,1,1
1817,10,1,0,0.5,0.7,0.9,-1,5,1150,1,23,0,0,0,1,1,1,1,1
1818,10,1,0,1,1,0.6,-1,5,1150,1,23,0,0,0,1,1,1,1,1
1820,7,1,0,0.5,0,0,-1,5,1101,1,23,24282,2,0,1,1,1,1,1
1821,10,1,0,100,50,0,-1,0,1028,1,7,0,0,0,1,1,1,1,1
1823,7,1,0,1,4,0,-1,5,1101,1,23,24282,2,0,1,1,1,1,1
1826,7,0,1,5.5,2,0,-1,5,1101,1,23,24291,2,0,1,1,1,1,1
1828,2,0,1,1,1,0,-1,0,1160,1,21,16588,0,0,1,1,1,1,1
1842,2,1,0,1,0,0,-1,5,1160,1,533,0,20,0,1,1,1,1,1
1843,2,0,1,1,0,0,-1,5,1160,1,533,0,20,0,1,1,1,1,1
1847,2,1,0,1,1,0,-1,7,1101,1,55,24282,2,0,1,1,1,1,1
1865,10,0,1,0,1.5,0.5,-1,0,243,1,23,0,0,0,1,1,1,1,1
1933,2,0.5,1,0.5,0.5,0,-1,0,243,1,23,0,0,1,1,0,0,1,1
